1;PERANCANGAN APLIKASI WATERMARKING KEPEMILIKAN CITRA MENGGUNAKAN KOMBINASI METODE SHA DAN LEAST SIGNIFICANT BIT (LSB);Keamanan Komputer dan Informasi;2;1
2;APLIKASI SISTEM PAKAR MENDIAGNOSA PENYAKIT TUBERKULOSIS MENGGUNAKAN METODE CERTAINTY FACTOR BERBASIS ANDROID;Artificial Intelligence;2;1
3;PERANCANGAN SISTEM INFORMASI PEMBERIAN BANTUAN TERNAK BERBASIS WEB PADA DINAS PETERNAKAN DAN KESEHATAN HEWAN PRO. SULSEL;Sistem Terdistribusi (Web Service);3;1
4;PERANCANGAN APLIKASI PERKIRAAN PAJAK KENDARAAN BERMOTOR, KREDIT DAN HARGA JUAL KEMBALI MENGGUNAKAN METODE ARIMA;Intelligent System and Control/IoT;2;1
5;IMPLEMENTASI ALGORITMA C4.5 UNTUK PEMILIHAN PERGURUAN TINGGI DIMAKASSAR;Data Mining;1;1
6;ANALISIS PERANCANGAN APLIKASI REAL TIME OBJECT DETECTION ANDROID MENGGUNAKAN TENSORFLOW;Artificial Intelligence;2;1
7;PERANCANGAN SISTEM INFORMASI PENEBUSAN RESEP OBAT PADA RUMAH SAKIT KE APOTEK BERBASIS WEB;Sistem Terdistribusi (Web Service);1;1
8;IMPLEMENTASI EARLY WARNING SYSTEM UNTUK MONITORING JARINGAN MENGGUNAKAN NOTIFIKASI TELEGRAM;Perancangan dan Optimasi Jaringan Komputer;2;1
9;PERANCANGAN APLIKASI ANALISIS LOYALITAS PELANGGAN PT PLN (PERSERO) ULP MAROS DENGAN METODE K-MEANS CLUSTERING BERBASIS PWA;Artificial Intelligence;2;1
10;IMPLEMENTASI KOMBINASI ALGORITMA HILL CIPHER DAN CIPHER BLOCK CHAINING DALAM PENGAMANAN TEKS PADA FILE MICROSOFT WORD (.DOC);Keamanan Komputer dan Informasi;2;1
11;PERANCANGAN APLIKASI PENTERJEMAH BAHASA MAKASSAR KE BAHASA INDONESIA DISERTAI BENTUK AKSARA LONTARA MENGGUNAKAN METODE BSu BERBASIS WEB;Artificial Intelligence;2;1
12;APLIKASI SISTEM PAKAR DIAGNOSA HAMA PENYAKIT DAN PENANGANANNYA PADA TANAMAN PADI MENGGUNAKAN METODE CERTAINTY FACTOR;Intelligent System and Control/IoT;2;1
13;PERANCANGAN APLIKASI MANAJEMEN KEUANGAN PADA MASJID NURUL ILMI BERBASIS WEB;Optimasi Database;3;1
14;ANALISA LOKASI LAYANAN KESEHATAN DENGAN METODE PUSAT GRAFITASI DI KOTA MAKASSAR;Artificial Intelligence;2;1
15;RANCANG BANGUN ALAT PENGUKUR GETARAN BANGUNAN SEBAGAI PERINGATAN DINI TERHADAP GEMPA BUMI BERBASIS ARDUINO;Intelligent System and Control/IoT;2;1
16;PERANCANGAN APLIKASI PERMOHONAN DAN PEMBERIAN KREDIT MENGGUNAKAN METODE WEIGHT PRODUCT PADA PT OTO MULITARTHA MAKASSAR;Sistem Pendukung Keputusan;1;1
17;SISTEM PENDUKUNG KEPUTUSAN UNTUK MENENTUKAN PENERIMA BANTUAN SOSIAL TAHUNAN DENGAN METODE VIKOR;Sistem Pendukung Keputusan;1;1
18;PENERAPAN DATA MINING PREDIKSI PENJUALAN MOTOR DENGAN METODE K-NEAREST NEIGHBOR PADA REMAJA MOTOR (HONDA);Data Mining;1;1
19;PERANCANGAN APLIKASI SISTEM INFORMASI PENDAYAGUNAAN UNTUK SOP BERKAS PADA KANTOR KPKNL MAKASSAR BERBASIS ANDROID;E-Bisnis;1;1
20;PERANCANGAN APLIKASI RENTAL BUKU PADA TAMAN BACAAN MAITOBA BERBASIS WEB INTERAKTIF;Sistem Terdistribusi (Web Service);2;1
21;SISTEM PENDUKUNG KEPUTUSAN PENENTUAN MASA TANAM IDEAL JAGUNG MENGGUNAKAN METODE Naive Bayes;Sistem Pendukung Keputusan;1;1
22;Aplikasi Pelayanan Manajemen Gereja Pada Gereja Katolik Paroki Santo Paulus BerbasisMobile;E-Bisnis;1;1
23;PENGEMBANGAN MONITORING DIGITAL AKTIVITAS KEGIATAN KKLP DAN PENGAJUAN SKRIPSI MAHASISWA PADA STMIK DIPANEGARA BERBASIS MOBILE;Data Analyst;1;1
24;PENERAPAN METODE MOORA UNTUK PENENTUAN SAYUR DAN BUAH TERBAIK PADA CARREFOUR MAKASSAR;Sistem Pendukung Keputusan;1;1
25;SISTEM ANALISIS POLA PERSEBARAN COVID-19 MENGGUNAKAN METODE INDEKS MORAN DAN GEARY'S C;Data Mining;1;1
26;PERANCANGAN SISTEM PENDUKUNG KEPUTUSAN PEMILIHAN PAKET PERNIKAHAN DI BERBAGAI HOTEL KOTA MAKASSAR DENGAN MOORA;Sistem Pendukung Keputusan;1;1
27;RANCANG PROGRAM RESPONSIVITAS PELAYANAN PENGADUAN DAN PENYELESAIAN SENGKETA LINGKUNGAN PADA DINAS LINGKUNGAN HIDUP KOTA MAKASSAR BERBASIS MOBILE;E-Bisnis;1;1
28;SISTEM INFORMASI PENEMPATAN POSISI JABATAN KARYAWAN MENGGUNAKAN METODE PROFILE MATCHING;Sistem Pendukung Keputusan;1;1
29;SISTEM PELAPORAN KEUANGAN DAN PAJAK PADA RUMAH MAKAN RICHIMAS RICE BOX MAKASSAR BERBASIS WEB;E-Bisnis;1;1
30;IMPLEMENTASI ALGORITMA FP-GROWTH PADA APLIKASI PENJUALAN ONLINE TOKO AGUNG MAKASSAR;Data Mining;1;1
31;PERANCANGAN SISTEM PENDUKUNG KEPUTUSAN PAKET WISATA RELIGI UMROH SESUAI KEBUTUHAN PELANGGAN DENGAN METODE TOPSIS;Sistem Pendukung Keputusan;1;1
32;INOVASI SISTEM ADMINISTRASI DESA BONTOMANAI KABUPATEN GOWA BERBASIS WEB;E-Bisnis;1;1
33;Sistem Pendukung Keputusan Pemilihan Saham Dengan Kombinasi Metode ANP Dan TOPSIS pada Bursa Efek Indonesia Cabang Makassar;Sistem Pendukung Keputusan;1;1
34;Aplikasi Media Pembelejaran Mobile Learning (M-Learning) Berbasis Android Terhadap kasus Corona Virus Desease 2019;E-Commerce;1;1
35;Analisis Website Portal Berita di Makasar Menggunakan metode Webqual dan Importance Performance Analysis;Data Analyst;1;1
36;PERANCANGAN APLIKASI PELAPORAN KINERJA DAN PENILAIAN ANGKA KREDIT PENGAWAS SEKOLAH PADA KANTOR DINAS KOTA MAKASSAR BERBASIS WEB;E-Bisnis;1;1
37;RANCANGAN PROGRAM EVALUASI & IDENTIFIKASI PENILAIAN KARYAWAN PADA PT. ASIA OUTSOURCING SERVICES MAKASSAR METODE PROMETHEE;Sistem Pendukung Keputusan;1;1
38;SISTEM PENUNJANG KEPUTUSAN KEPUASAN PELAYANAN KESEHATAN BERBASIS MOBILE MENGGUNAKAN METODE SERVQUAL;Sistem Pendukung Keputusan;1;1
39;PERANCANGAN APLIKASI TRANSAKSI DENGAN KWITANSI DIGITAL BERBASIS WEB DAN ANDROID PADA PERCETAKAN MARIDI;Sistem Terdistribusi (Web Service);2;1
40;PERANCANGAN APLIKASI PENGELOLAAN PASAR INDUK TERONG MAKASSAR;Intelligent System and Control/IoT;2;1
41;IMPLEMENTASI MACHINE LEARNING UNTUK MEMPREDIKSI KELULUSAN SISWA BERDASARKAN NILAI HARIAN SEKOLAH MENGGUNAKAN ALGORITMA SVM;Artificial Intelligence;2;1
42;IMPLEMENTASI FIREBASE DAN MYSQL UNTUK MENGENDALIKAN STOCK PADA MAX STORE MAKASSAR BERBASIS WEB;Komputasi Awan;2;1
43;PERANCANGAN APLIKASI PENJUALAN BAJU KAOS BERBASIS WEB DAN ANDROID PADA TOKO PUSAKA MAKASSAR;Intelligent System and Control/IoT;2;1
44;PENGEMBANGAN SISTEM SCANNING EVENT TICKETING MENGGUNAKAN METODE THRESHOLDING BERBASIS APLIKASI ANDROID PADA ROSE PROJECT MUSIC EVENT ORGANIZER;Intelligent System and Control/IoT;2;1
45;IMPLEMENTASI PEMBELAJARAN DARING DENGAN E-LEARNING BERBASIS WEB DIMASA COVID-19 PADA SMP NEGERI 40 BULUKUMBA;Sistem Terdistribusi (Web Service);2;1
46;PERANCANGAN APLIKASI E-RAPORT PADA SEKOLAH DASAR NEGERI (SDN) TUNAS KARYA BERBASIS WEB DAN ANDROID;Sistem Terdistribusi (Web Service);2;1
47;PERANCANGAN APLIKASI PEMILIHAN APOTEKER GEMA CERMAT TERBAIK PADA DINAS KESEHATAN MAKASSAR MENGGUNAKAN METODE MULTI-ATTRIBUTIVE BORDER APPROXIMATION AREA COMPARISON (MABAC METHOD);Intelligent System and Control/IoT;2;1
48;PERANCANGAN APLIKASI PENGAJUAN JUDUL SKRIPSI DAN VALIDASI KELAYAKANNYA MENGGUNAKAN METODE WEIGHTED PRODUCT PADA STMIK DIPANEGARA MAKASSAR;Keamanan Komputer dan Informasi;2;1
49;PERANCANGAN ALAT PENGUKUR TINGGI BADAN OUTPUT SUARA BERBASIS ARDUINO;Intelligent System and Control/IoT;2;1
50;PENGEMBANGAN SISTEM KENDALI SUHU KANDANG BIBIT AYAM MENGGUNAKAN NODEMCU ESP8266 BERBASIS INTERNET OF THINGS;Intelligent System and Control/IoT;2;1
51;PERANCANGAN APLIKASI KALKULATOR KALORI MAKANAN DAN MINUMAN BERBASIS ANDROID;Artificial Intelligence;2;1
52;PERANCANGAN APLIKASI LOKASI FASILITAS KESEHATAN TERDEKAT MENGGUNAKAN ALGORITMA FLOYD WARSHAL BERBASIS MOBILE;Robotic;2;1
53;PERANCANGAN APLIKASI SISTEM PENDUKUNG KEPUTUSAN UNTUK MENILAI KINERJA GURU MENGGUNAKAN METODE FMADM- SAW BERBASIS WEB;Sistem Terdistribusi (Web Service);2;1
54;SISTEM PENDUKUNG KEPUTUSAN PEMBERIAN INSENTIF BERDASARKAN PENILAIAN KINERJA KARYAWAN DENGAN METODE SAW;Intelligent System and Control/IoT;2;1
55;PERANCANGAN APLIKASI INTEGRASI UNIT USAHA ASPAL DAN STONE CRUSHER MENGGUNAKAN SISTEM JUST IN TIME BERBASIS WEB PADA PT GRAHA INDAH SARANA MAKASSAR;Sistem Terdistribusi (Web Service);2;1
56;Aplikasi Manajemen Laundry Menggunakan Teknologi QRCode Berbasis Android Pada Protech Laundry;E-Bisnis;1;1
57;PROTOTYPE ROBOT PENANAMAN BENIH BERBASIS LINE FOLLOWER;Robotic;2;1
58;PERANCANGAN APLIKASI PEMILIHAN WIDYAISWARA TELADAN PADA KANTOR BADAN PENGEMBANGAN SUMBER DAYA MANUSIA (BPSDM) PROVINSI SULAWESI SELATAN MENGGUNAKAN METODE MULTI-ATTRIBUTE UTILITY THEORY;Artificial Intelligence;2;1
59;PERANCANGAN SISTEM INFORMASI PENGUSULAN DAN PENILAIAN DAFTAR USULAN PENETAPAN ANGKA KREDIT (DUPAK) TENAGA PERAWAT PADA KANTOR DINAS KESEHATAN KOTA MAKASSAR BERBASIS WEB;Sistem Terdistribusi (Web Service);2;1
60;PENERAPAN DATA MINING UNTUK ANALISA FREKUENSI DISTRBUSI ELPIJI DENGAN METODE DOUBLE EXPONENTIAL SMOOTHING;Artificial Intelligence;2;1
61;PERANCANGAN APLIKASI PEREKRUTAN TENAGA PENJUALAN DENGAN MEKANISME UJIAN ONLINE MENGGUNAKAN METODE VIKOR PADA DEALER HONDA;Artificial Intelligence;2;1
62;PERANCANGAN APLIKASI SURAT REKOMENDASI TERINTEGRASI PADA KANTOR PENCATATAN SIPIL BERBASIS WEB;Sistem Terdistribusi (Web Service);2;1
63;PERANCANGAN APLIKASI PEMANTAUAN SEBARAN DAN MITIGASI CLUSTER PENYAKIT DAN RAWAN BENCANA BERBASIS MOBILE PADA BPBD SULAWESI SELATAN;Intelligent System and Control/IoT;2;1
64;APLIKASI DATA MINING UNTUK PREDIKSI PEMBAYARAN TAGIHAN TIDAK TEPAT WAKTU KOSTUMER KARTU HALO MENGGUNAKAN ALGORITMA C 4.5;Artificial Intelligence;2;1
65;RANCANG BANGUN SISTEM INFORMASI SIMPAN PINJAM BERBASIS WEB DI BUMDES SEJAHTERA;Sistem Terdistribusi (Web Service);2;1
66;Pengembangan Sistem Informasi Penyewaan Alat Musik dan Baju Adat Sanggar Andi Mappe Berbasis Website;E-Commerce;3;1
67;Perancangan Aplikasi Penjualan Kue Kering Berbasis Web pada Kuker Mama Arya;E-Commerce;3;1
68;Perancangan Perangkat Lunak Aplikasi Penjualan Online Toko Mistore Berbasis Web;E-Commerce;3;1
69;Perancangan Sistem Informasi Monitoring Siswa Praktik Kerja Lapangan SMKN1 MUTIARA Berbasis Web;Sistem Terdistribusi (Web Service);3;1
70;Perancangan Aplikasi Pemesanan Obat pada Apotik XYZ masa pandemi Covid19 Berbasis Website;E-Commerce;3;1
71;SISTEM MANAGEMEN STRATEGIS PROGRAM KOTA TANPA KUMUH (KOTAKU) PADA KANTOR BAPPEDA KOTA MAKASSAR;Data Mining;3;1
72;Sistem Informasi Persediaan Barang Pada Gudang Proyek Pembangunan Perumahan AL-IKHLAS Square Berbasis Web;Optimasi Database;3;1
73;PERANCANGAN APLIKASI PEMESANAN DAN PENJUALAN BERBASIS ANDROID PADA DEPOT AIR MINUM NABILA;E-Commerce;3;1
74;Perancangan Aplikasi Ujian Online Pada SMP Negeri 1 Bangkala Berbasis Web;Sistem Terdistribusi (Web Service);3;1
75;Aplikasi Pencegahan Penularan dan Kepatuhan Pengobatan Pasien Tuberkulosis (TB);UI/UX Desain;3;1
76;Implementasi Virtual Reality 360° Interaktif Sebagai Media Informasi Pariwisata dengan Tampilan Stereoscopic Berbasis Android;E-Commerce;1;1
77;SISTEM KAMERA KEAMANAN MENGGUNAKAN RASPBERRY Pi 3 DAN TELEGRAM MESSAGE BERBASIS INTERNET OF THINGS;Intelligent System and Control/IoT;2;1
78;PERANCANGAN SISTEM INFORMASI INVENTARIS BARANG TERINTEGRASI PADA KANTOR BALAI BESAR PELAKSANAAN JALAN NASIONAL XIII MAKASSAR BERBASIS WEB;Sistem Terdistribusi (Web Service);2;1
79;PENERAPAN ALGORITMA K-NEAREST NEIGHBOR UNTUK KLASIFIKASI KELAYAKAN CALON NASABAH KREDIT BERBASIS WEB;Artificial Intelligence;2;1
80;RANCANG BANGUN APLIKASI INVENTORY BAHAN DAN KONTROL PENJUALAN PADA KERATON KAOS DAN SABLON MAKASSAR BERBASIS WEBSITE;Sistem Terdistribusi (Web Service);2;1
81;PROTOTIPE SISTEM PENGAMAN GEDUNG BAGI PENGUNJUNG BERDASARKAN SUHU TUBUH MENGGUNAKAN SENSOR MLX90614 BARBASIS ARDUINO;Intelligent System and Control/IoT;2;1
82;PERANCANGAN APLIKASI PENGELOLAAN TEMPAT FITNESS BERBASIS WEB DAN ANDROID PADA NINE GYM MAKASSAR;Sistem Terdistribusi (Web Service);2;1
83;PERANCANGAN SISTEM INFORMASI PENATA LAYANAN GEREJA TORAJA JEMAAT SATRIA KASIH MAKASSAR BERBASIS MOBILE;Sistem Terdistribusi (Web Service);2;1
84;Aplikasi monitoring produksi tanaman pangan buah salak dengan metode forecasting berbasis android;Data Mining;1;1
85;Penerapan Algoritma Jaro-Winkler Distance dan Text Preprocessing (Case Folding dan Stopword Elimination) Pada Aplikasi Ensiklopedia Muslimah Berbasis Android;Data Mining;1;1
86;PENGEMBANGAN APLIKASI RAPORT K-13 PADA SEKOLAH DASAR BERBASIS WEB;Sistem Terdistribusi (Web Service);2;1
87;PERANCANGAN APLIKASI SURAT DIGITAL DAN TANDA TANGAN MENGGUNAKAN QRCODE PADA DINAS KETENAGAKERJAAN KOTA MAKASSAR;Keamanan Komputer dan Informasi;2;1
88;PERANCANGAN APLIKASI KLASIFIKASI INDEKS DESA MEMBANGUN (IDM) DENGAN METODE AHP DAN SAW PADA KABUPATEN GOWA;Artificial Intelligence;2;1
89;PERANCANGAN APLIKASI DATA MINING UNTUK KLASIFIKASI BANTUAN DENGAN METODE ROUGH SET;Artificial Intelligence;2;1
90;PERANCANGAN APLIKASI DATA MINING CLSUTERING KINERJA DOSEN MENGGUNAKAN ALGORITMA K-MEANS PADA STMIK DIPANEGARA MAKASSAR;Artificial Intelligence;2;1
91;PERANCANGAN APLIKASI PENGUSULAN PENERIMA BEASISWA PENINGKATAN PRESTASI AKADEMIK (PPA) PADA STMIK DIPANEGARA MAKASSAR BERBASIS WEB;Sistem Terdistribusi (Web Service);2;1
92;PERANCANGAN SISTEM PENUNJANG KEPUTUSAN KATEGORISASI DESA DENGAN METODE TOPSIS DAN SAW BERBASIS WEB;Sistem Pendukung Keputusan;1;1
93;PERANCANGAN SISTEM PENENTUAN KOMODITI UNGGULAN DESA MENGGUNAKAN METODE LOCATION QUOTIENT (LQ) DAN SHIFT SHARE (SS) BERBASIS WEB;Sistem Pendukung Keputusan;1;1
94;IMPLEMENTASI APLIKASI PELATIHAN PENGEMBANGAN DAN EVALUASI SAFETY MAN BERBASIS ANDROID;E-Bisnis;1;1
95;PERANCANGAN APLIKASI PEMESANAN PARSEL PENGANTIN BERBASIS WEB PADA TOKO HJ.RASYIDAH GOWA;E-Commerce;3;1
96;SISTEM INFORMASI PENDAFTARAN SISWA BARU SECARA DARING PADA SMK LANIANG MAKASSAR BERBASIS WEB;Sistem Terdistribusi (Web Service);3;1
97;PERANCANGAN APLIKASI RENTAL MOBIL DI KOTA MAKASSAR BERBASIS ANDROID;E-Commerce;3;1
98;PERANCANGAN APLIKASI PEMESANAN ONLINE BUMBU MASAK DI PASAR TRADISIONAL DAYA BERBASIS WEB;E-Commerce;3;1
99;PERANCANGAN APLIKASI SISTEM INFORMASI KEPEGAWAIAN PADA BADAN KEPEGAWAIAN KANTOR REGIONAL IV MAKASSAR BERBASIS ANDROID;Optimasi Database;3;1
100;IMPLEMENTASI METODE TOPSIS DALAM MENENTUKAN KUALITAS KOPI BERBASIS WEB;Sistem Pendukung Keputusan;1;1
101;PERANCANGAN SISTEM PENENTUAN PEMBERIAN KREDIT MIKRO DENGAN METODE PERANGKINGAN TOPSIS DAN KLARIFIKASI NAIVE BAIYES PADA MANDIRI UNIT MIKRO;Sistem Pendukung Keputusan;1;1
102;PERANCANGAN APLIKASI MANAJEMEN PENGELOLAAN ZAKAT PADA UNIT PENGUMPUL ZAKAT (UPZ) BERBASIS WEB;E-Bisnis;1;1
103;IMPLEMENTASI SISTEM INFORMASI DINAS PARIWISATA KABUPATEN ENREKANG BERBASIS CLOUD COMPUTING;Komputasi Awan;2;1
104;PERANCANGAN SISTEM INFORMASI INVENTORI BARANG PADA TOKO RUMAHKU BERBASIS WEBSITE;Sistem Terdistribusi (Web Service);2;1
105;VISUALISASI ANIMASI 3D PERUMAHAN BTN MINIMALIS BERBASIS ANDROID MENGGUNAKAN SKETCHUP DAN UNITY;Artificial Intelligence;2;1
106;PRPTOTIPE ALAT PENDETEKSI SUHU DAN KELEMBABAN UNTUK PENGERINGAN DAN PENYIMPANAN BAWANG MERAH MENGGUNAKAN TEC (Thermo Electric Cooler);Intelligent System and Control/IoT;2;1
107;PERANCANGAN APLIKASI SISTEM PAKAR UNTUK MENDIAGNOSIS PENYAKIT DIABETES MELLITUS MENGGUNAKAN FUZZY LOGIC METODE SUGENO BERBASIS ANDROID;Artificial Intelligence;2;1
108;IMPLEMENTASI DATA MINING MENGGUNAKAN ALGORITMA K-MEANS CLUSTERING DALAM MENENTUKAN PILIHAN EKSTRAKULIKULER SISWA SMA NEGERI 21 MAKASSAR BERBASIS ANDROID;Data Mining;1;1
109;PERANCANGAN SISTEM PENDUKUNG KEPUTUSAN KENAIKAN JABATAN KARYAWAN DENGAN METODE SIMPLE ADDICTIVE WEIGHTING (SAW) BERBASIS WEB;Sistem Pendukung Keputusan;1;1
110;PERANCANGAN APLIKASI ANTRIAN PELAYANAN RUMAH MAKAN SARI LAUT ARUMNDALU BERBASIS WEB SECARA REAL TIME;Sistem Terdistribusi (Web Service);2;1
111;RANCANGAN MEDIA PEMBELAJARAN INTERAKTIF ELEKTRONIK DIGITAL HAFIDZ QUR'AN BERBASIS WEB DAN ANDROID;Sistem Terdistribusi (Web Service);2;1
112;PENERAPAN DATA MINING UNTUK MEMPREDIKSI POTENSI MAHASISWA DROP OUT MENGGUNAKAN EXPECTATION MAXIMATION ALGORITHM;Artificial Intelligence;2;1
113;PRANCANGAN APLIKASI MONITORING DISTRIBUSI LOGISTIK BANTUAN BENCANA BERBASIS ANDROID;E-Bisnis;1;1
114;PERANCANGAN APLIKASI TIPE HURUF DENGAN FITUR OPENTYPE DENGAN MULTIPLE MASTER BERBASIS WEB;Data Analyst;1;1
115;OPTIMASI PRODUKSI SARI ROTI MENGGUNAKAN FUZZY LOGIC METODE MAMDANI DAN TSUKAMOTO BERBASIS WEB;Artificial Intelligence;2;1
116;IMPLEMENTASI ALGORITMA FISHER YATES PADA PERANCANGAN APLIKASI GAME EDUKASI PEMBELAJARAN SEJARAH PAHLAWAN;Artificial Intelligence;2;1
117;APLIKASI SISTEM INFORMASI PERJALANAN HAJI DAN UMROH BERBASIS WEB PADA PT LINTAS JAYA OPTIMA TOUR & TRAVEL CABANG MAKASSAR;Sistem Terdistribusi (Web Service);2;1
118;PROTOTYPE ALAT PENDETEKSI JARAK DAN PENGGUNAAN MASKER DI ERA PANDEMI BERBASIS MIKROKONTROLER;Intelligent System and Control/IoT;2;1
119;PERANCANGAN APLIKASI SISTEM PAKAR DIAGNOSA PENYAKIT KISTA OVARIUM BERBASIS ANDROID MENGGUNAKAN METODE BEST FIRST SEARCH;Artificial Intelligence;2;1
120;PERANCANGAN APLIKASI GAME EDUKASI BELAJAR MEMBACA DAN MENULIS UNTUK ANAK TINGKAT SEKOLAH DASAR;UI/UX Desain;3;1
121;IMPLEMENTASI SISTEM PELAYANAN IBU HAMIL BERBASIS ANDROID;E-Commerce;3;1
122;RANCANG BANGUN SISTEM QURBAN DIGITAL BERBASIS ANDROID DI MASJID AL-MUBARAKAH;E-Commerce;3;1
123;Implementasi metode Composite Performance Index dalam Pemilihan Kendaraan Bermotor Berbasis Web;Sistem Pendukung Keputusan;1;1
124;Sistem Pendukung Keputusan Seleksi Penerima Bantuan Langsung Tunai Dengan Metode K-Nearest Neighbor Berbasis Web;Sistem Pendukung Keputusan;1;1
125;Sistem Pendukung Keputusan Pemilihan Mahasiswa Berprestasi Menggunakan Metode Multifactor Evolution Process (MFEP);Sistem Pendukung Keputusan;1;1
126;Implementasi Algoritma C4.5 Dalam Aplikasi Seleksi Penerima Bantuan Sosial Berbasis Web;Data Mining;1;1
127;Implementasi Metode Naive Bayes Untuk Peminatan Organisasi Siswa Berbasis Web;Data Mining;1;1
128;Implementasi Algoritma Simple Multi Attribute Rating Technique Pada Sistem Rekomendasi Pengangkatan Pengawas sekolah pada Dinas Pendidikan sul sel;Sistem Pendukung Keputusan;1;1
129;Impelementasi Metode Promethee Dalam Pemilihan Supervisor Marketing dan Sales Manager Berbasis Web;Sistem Pendukung Keputusan;1;1
130;Aplikasi Asistem Virtual Menggunakan Pendekatan Natural Language Processing (NLP);Artificial Intelligence;1;1
131;Impelementasi Metode Electre Dalam Mengolah Kenaikan Gaji Berkala Berbasis Web;Sistem Pendukung Keputusan;1;1
132;Sistem Digitalisasi Dokumen Akademik Dengan Penerapan Metode AHO - Corasick;Data Mining;1;1
133;IMPLEMENTASI METODE CASE-BASED REASONING & CERTAINTY FACTOR DALAM MENDIAGNOSA PENYAKIT TANAMAN KAKAO BERBASIS WEB;Sistem Pendukung Keputusan;1;1
134;PERANCANGAN APLIKASI MANAJEMEN PERPUSTAKAAN BERBASIS QR CODE ANDROID PADA PERPUSTAKAAN SEKOLAH SMK NEGERI 3 MAKASSAR;Sistem Terdistribusi (Web Service);2;1
135;SISTEM PAKAR MENGIDENTIFIKASI JENIS PENYAKIT PADA TANAMAN HIAS JENIS MONSTERA ADANSONI MENGGUNAKAN ALGORITMA DFS BERBASIS WEB;Artificial Intelligence;2;1
136;PERANCANGAN CAMPUS SERVICE SYSTEM i DUHELP DALAM MENDUKUNG KEGIATAN DIVLEARN EDUCATION PADA STMIK DIPANEGARA MAKASSAR;Sistem Terdistribusi (Web Service);2;1
137;PENERAPAN ALGORITMA GREEDY UNTUK MENENTUKAN PAKET BUILD PC;Artificial Intelligence;2;1
138;PERANCANGAN APLIKASI GAME PUZZLE EDUKASI ARITMATIKA BERBASIS ANDROID;Artificial Intelligence;2;1
139;PERANCANGAN PROTOTYPE ALAT MONITORING SUHU DAN KELEMBABAN RUANG SERVER MENGGUNAKAN ARDUINO UNO R3 BERBASIS IoT;Intelligent System and Control/IoT;2;1
140;PEMBUATAN ANIMASI 3D INTERAKTIF DESAIN INTERIOR KAMAR TIDUR ANAK BERNUANSA WARNA CERIA MENGGUNAKAN BLENDER;Artificial Intelligence;2;1
141;PERANCANGAN APLIKASI RECORDING PETERNAKAN AYAM PETELUR DENGAN TEKNOLOGI WEB SERVICE BERBASIS ANDROID PADA ASIA FARM;Sistem Terdistribusi (Web Service);2;1
142;PEMBUATAN GAME LABIRIN 3D MENGGUNAKAN UNITY BERBASIS ANDROID;Artificial Intelligence;2;1
143;PENERAPAN METOTE NAÏVE BAYES UNTUK PENYEWAAN KIOS PADA PASAR TRADISIONAL MODERN KOTA PARE-PARE BERBASIS WEB;Artificial Intelligence;2;1
144;PERANCANGAN APLIKASI PENCARIAN HARI BAIK UNTUK KEGIATAN ADAT BUGIS MENGGUNAKAN METODE SEQUENTIAL BERBASIS ANDROID;Artificial Intelligence;2;1
145;Implementasi Data Mining Untuk Sistem Penyaluran Obat dan peralatan Kesehatan Metode Least Square;Data Mining;1;1
146;Perancangan Aplikasi Tes Buta Warna Berbasis Android Menggunakan Metode Ishihara dan Cambridge;E-Commerce;1;1
147;Penerapan Data mining untuk Klasifikasi Kesesuaian Program Pelatihan Dengan Metode Naive Bayes;Data Mining;1;1
148;Perancangan Sistem informasi pelayanan pasien berbasis web di klinik az-zahrah sinjai;Sistem Terdistribusi (Web Service);1;1
149;PERANCANGAN APLIKASI PEMETAAN JALUR REL KERETA API TRANS SULAWESI MENGGUNAKAN POLYLINE DRAWING/ARC VIEW BERBASIS WEB PADA DINAS PERHUBUNGAN PROVINSI SULAWESI SELATAN;Sistem Terdistribusi (Web Service);2;1
150;PERANCANGAN APLIKASI LAYANAN PENGANGKUT SAMPAH BERBASIS WEB SERVICE;Sistem Terdistribusi (Web Service);2;1
151;RANCANG BANGUN SISTEM PENDETEKSI TINGGI BADAN DAN UMUR SERTA ANTRIAN OTOMATIS PADA PINTU MASUK WAHANA BERMAIN;Intelligent System and Control/IoT;2;1
152;PERANCANGAN APLIKASI PENGENALAN DAN PEMBELAJARAN ILMU TAJWID AL QUR'AN BERBASIS ANIMASI INTERAKTIF MENGGUNAKAN METODE STRAIGHT AHEAD;Sistem Terdistribusi (Web Service);2;1
153;RANCANG BANGUN SISTEM KONTROL SMART DOOR LOCK MENGGUNAKAN KTP ELEKTRONIK;Intelligent System and Control/IoT;2;1
154;IMPLEMENTASI METODE FUZZY TSUKAMOTO UNTUK MENENTUKAN KELAYAKAN KEPEMILIKAN RUMAH SUBSIDI;Artificial Intelligence;2;1
155;SISTEM REKOMENDASI PEMBANGUNAN SOLAR PANEL UNTUK KEBUTUHAN RUMAH TANGGA BERBASIS ANDROID MENGGUNAKAN METODE WEIGHTED PRODUCT PADA TOKO EDS SOLARCELL MAKASSAR;Artificial Intelligence;2;1
156;RANCANG BANGUN GAME PEMBELAJARAN MATEMATIKA UNTUK ANAK USIA DINI MENGGUNAKAN METODE LINEAR CONGRUENT METHOD (LCM) BERBASIS WEB;Artificial Intelligence;2;1
157;IMPLEMENTASI ALGORITMA SEQUENTIAL SEARCH SERTA CLASSIFICATION AND REGRESSION TREES (CART) PADA KAMUS SITILAH ILMIAH HEWN DAN TUMBUHAN;Artificial Intelligence;2;1
158;SITEM PENDUKUNG KEPUTUSAN PENERIMAAN BEASISWA KURANG MAMPU MENGGUNAKAN METODE FUZZY INFERENCE SYSTEM SUGENO DI SMA 22 MAKASSAR;Artificial Intelligence;2;1
159;SISTEM REKOMENDASI DALAM PEMILIHAN BIBIT UNGGUL PADI BERBASIS WEB MENGGUNAKAN METODE ANALYTICAL HIERARCHY PROCESS (AHP);Sistem Pendukung Keputusan;1;1
160;PERANCANGAN APLIKASI PELAKSANAAN SEMINAR PROPOSAL DAN SIDANG SKRIPSI PADA STMIK DIPANEGARA BERBASIS WEB;Sistem Terdistribusi (Web Service);2;1
161;PERANCANGAN APLIKASI DOKUMENTASI LAPORAN PEMANTAUAN SITUASI HARIAN BERBASIS WEB SERVICE PADA BADAN KESATUAN BANGSA DAN POLITIK PROVINSI SULAWESI SELATAN;Sistem Terdistribusi (Web Service);2;1
162;PERANCANGAN APLIKASI PERMINTAAN DATA SEKTORAL MENGGUNAKAN REST API BERBASIS ANDROID PADA DINAS KOMUNIKASI DAN INFORMATIKA PROVINSI SULAWESI SELATAN;Sistem Terdistribusi (Web Service);2;1
163;PERANCANGAN APLIKASI MANAJEMEN ZAKAT PADA MASJID AGUNG PANGKEP BERBASIS WEB;Sistem Terdistribusi (Web Service);2;1
164;PERANCANGAN MANAJEMEN RESERVASI TIKET BUS SECARA ONLINE BERBASIS WEB PADA P.O MEGAMAS;Sistem Terdistribusi (Web Service);2;1
165;PERANCANGAN SISTEM PENDETEKSI PELANGGARAN LAMPU LALU LINTAS MENGGUNAKAN RASPBERRY PI3 BERBASIS INTERNET OF THINGS;Intelligent System and Control/IoT;2;1
166;PEMBUATAN APLIKASI E-TANI DALAM MANAJEMEN PERTANIAN BERBASIS WEB SERVICE PADA UMKM SAYURQITA;Sistem Terdistribusi (Web Service);2;1
167;PERANCANGAN SISTEM REPORT & MONITORING PEKERJAAN IT SETA MANAJEMENT MENGGUNAKAN BOT TELEGRAM DAN WEB BASE PADA PT. ANGKASA PURA 1 CABANG UJUNG PANDANG;Intelligent System and Control/IoT;2;1
168;SISTEM DETEKSI KERUSAKAN MESIN PADA MOTOR MENGGUNAKAN METODE FUZZY EXPERT SYSTEM BERBASIS ANDROID;Artificial Intelligence;2;1
169;IMPLEMENTASI VIRTUAL REALITY TOUR SEBAGAI MEDIA PROMOSI KOST MENGGUNAKAN CARDBOARD CAMERA;Artificial Intelligence;2;1
170;APLIKASI PENDAMPING PEMBELAJARAN ANAK BERKEBUTUHAN KHUSUS (TUNAGRAHITA) BERBASIS WEB SERVICE PADA SDLB LANIANG MAKASSAR;Sistem Terdistribusi (Web Service);2;1
171;IMPLEMENTASI TEKNOLOGI AUGMENTED REALITY DALAM VISUALISASI DINAS PENDIDIKAN PROVINSI SULAWESI SELATAN BERBASIS WEB MENGGUNAKAN MOTION TRACKING;Artificial Intelligence;2;1
172;IMPLEMENTASI ALGORITMA PREQUENT PATTERN GROWWTH UNTUK PENGATURAN TATA LETAK BUKU PADA PERPUSTAKAAN;Artificial Intelligence;2;1
173;PERANCANGAN APLIKASI PELELANGAN IKAN HIAS DI AABETTA.ID BERBASIS WEB MENGGUNAKAN ALGORITMA ROUND ROBIN;Sistem Terdistribusi (Web Service);2;1
174;PEMBUATAN APLIKASI GAME EDUKASI PEMBELAJARAN FISIKA DASAR BERBASIS WEB;Artificial Intelligence;2;1
175;IMPLEMENTASI METODE SUPPORT VEKTOR MACHINE UNTUK MENGKKLASIFIKASIKAN BERITA LAYAK PUBLISH PADA HARIAN FAJAR;Artificial Intelligence;2;1
176;APLIKASI PEMILIHAN LOKASI DISTRIBUSI JARINGAN AIR METODE PERBANDINGAN EKSPONENSIAL;Sistem Pendukung Keputusan;1;1
177;PENERAPAN ALGORITMA K-NEAREST NEIGHBOR UNTUK PENGELOMPOKKAN BANGUNAN CAGAR BUDAYA BERBASIS WEB;Data Mining;1;1
178;SISTEM DELIBERY ORDER MAKANAN BERBASIS MOBILE PADA CAFE ZHANOYA TANA TORAJA;E-Commerce;1;1
179;PENERAPAN Sistem Informasi Manajemen SANTRI BERBASIS WEB PONDOK PESANTREN TAHFIDZUL QUR'AN ISLAMIYAH;Sistem Terdistribusi (Web Service);1;1
180;EVALUASI IMPLEMENTASI DIPANEGARA VIRTUAL LEARNING MENGGUNAKAN MODEL HUMAN ORGANIZATION TECHNOLOGY (HOT);Data Analyst;1;1
181;APLIKASI PELAPORAN LOKASI BENCANA ALAM DAN TRACKING DISTRIBUSI LOGISTIK BERBASIS MOBILE;E-Bisnis;1;1
182;PENERAPAN APLIKASI SIMOSIS (SISTEM INFORMASI MONITORING SISWA) SD ISLAM AL BAYYINAH BERBASIS WEB;Sistem Terdistribusi (Web Service);1;1
183;Sistem Responsivitas pelayanan perkara Pada Kantor Oditurat Militer IV-17 Makassar Berbasis Mobile;E-Bisnis;1;1
184;Implementasi Data Mining Dengan metode K-Nearest Neighbor Untuk Klasifikasi Putusan Perkara;Data Mining;1;1
185;Penerapan Aplikasi Pengelolaan Webinar Berbasis Web Di Era New Normal;Sistem Terdistribusi (Web Service);1;1
186;IMPLEMENTASI METODE SIMPLE MULTI ATTRIBUTE RATING TECHNIQUE DALAM PENENTUAN KELAYAKAN KELUARGA PENERIMA MANFAAT PROGRAM KELUARGA HARAPAN (KPM-PKH) BULOG SUBDRIVE MAKASSAR;Artificial Intelligence;2;1
187;IMPLEMENTASI METODE RESTFUL API DALAM PERANCANGAN APLIKASI PENGADUAN PELAYANAN/FASILITAS PADA BAPENDA KOTA MAKASSAR BERBASIS ANDROID;Sistem Terdistribusi (Web Service);2;1
188;PENGENALAN CITRA WAJAH MENGGUNAKAN ALGORITMA DETEKSI TEPI CANNY DAN PENGUKURAN JARAK CANBERRA DISTANCE;Artificial Intelligence;2;1
189;ANALISIS DAN IMPLEMENTASI METODE WEIGHT AGGREGATED SUM PRODUCT ASSESMENT UNTUK MENENTUKAN PRIORITAS PENERIMA BANTUAN PADA KANTOR BPKAD KOTA MAKASSAR;Artificial Intelligence;2;1
190;IMPLEMENTASI ALGORITMA K-MEANS UNTUK MENGELOMPOKKAN KUALITAS BERAS BERDASARKAN DAERAH PERTANIAN;Artificial Intelligence;2;1
191;IMPLEMENTASI ALGORITMA ANALYTICAL HIERARCHY PROCESS UNTUK MENENTUKAN PRIORITAS PERBAIKAN RAMBU LALU LINTAS BERBASIS WEB SERVICE;Artificial Intelligence;2;1
192;PERANCANGAN APLIKASI RECORDING PENGELOLAAN PETERNAKAN AYAM PETELUR BERBASIS WEB SERVICE PADA ASIA FARM;Sistem Terdistribusi (Web Service);2;1
193;PERANCANGAN APLIKASI PENYEWAAN PERALATAN OUTDOOR BERBASIS WEB DAN ANDROID DI ON TIME ADVENTURE MAKASSAR;Sistem Terdistribusi (Web Service);2;1
194;IMPLEMENTASI METODE ISHIHARA UNTUK MENDETEKSI BUTA WARNA BERBASIS MOBILE APLIKASI DENGAN PENGGUNAAN HYBRID PROGRAMMING LANGUAGE;Artificial Intelligence;2;1
195;PERANCANGAN APLIKASI PENDUKUNG KEPUTUSAN PENENTUAN MASA TANAM IDEAL JAGUNG Di KABUPATEN BARRU MENGGUNAKAN METODE NAÏVE BAYES;Artificial Intelligence;2;1
196;IMPLEMENTASI ALGORITMA FISHER-YATES DAN FUZZY TSUKAMOTO DALAM GAME EDUKASI RAMBU LALU LINTAS BERBASIS DESKTOP;Artificial Intelligence;2;1
197;PERANCANGAN APLIKASI PENGELOLAAN DATA BANK SAMPAH DI TPA TAMANGAPA KOTA MAKASSAR BERBASIS WEB RESPONSIF;Sistem Terdistribusi (Web Service);2;1
198;PENERAPAN AUGMENTED REALITY SEBAGAI SARANA PENGENALAN LINKUNGAN SEKOLAH BERBASIS ANDROID DENGAN METODE MARKER BASED TRACKING;Artificial Intelligence;2;1
199;PERANCANGAN APLIKASI GAME MATH ADVENTURE PUZZLE BERBASIS ANDROID MENGGUNAKAN UNITY DENGAN ALGORITMA A-STAR (A*);Artificial Intelligence;2;1
200;RANCANG BANGUN ALAT PENGAYUN BAYI OTOMATIS MENGGUNAKAN SENSOR SUARA DAN SENSOR GETAR BERBASIS IOT;Intelligent System and Control/IoT;2;1
201;PERANCANGAN APLIKASI PENGUMPULAN TUGAS SISWA BERBASIS PROGRESSIVE WEB APPS PADA SMK YAPMI 1 MAKASSAR;Sistem Terdistribusi (Web Service);2;1
202;PERANCANGAN ALAT MONITORING KUALITAS UDARA DI KOTA PANGKEP MENGGUNAKAN MIKROKONTROLER BERBASIS IoT;Intelligent System and Control/IoT;2;1
203;PENENTUAN BUS LAYAK JALAN MENGGUNAKAN JARINGAN SYARAF TIRUAN BERBASIS WEB;Artificial Intelligence;2;1
204;KLASIFIKASI SENTIMEN TWEET MENGENAI COVID-19 PADA TWITTER DI INDONESIA DENGAN METODE VECTOR SPACE MODEL;Artificial Intelligence;2;1
205;IMPLEMENTASI DISTRIBUSI LINUX UNTUK LABORATORIUM SOFTWARE STMIK DIPANEGARA MAKASSAR MENGGUNAKAN METODE REMASTERING;Sistem Terdistribusi (Web Service);2;1
206;SISTEM PENDUKUNG KEPUTUSAN DALAM PENENTUAN JENIS TANAMAN PERTANIAN BERDASARKAN CURAH HUJAN DENGAN METODE DECISION TREE BERBASIS ANDROID;Artificial Intelligence;2;1
207;IMPLEMENTASI METODE BINET SIMON PADA APLIKASI TES IQ (INTELLIGENCE QUOTIENT) BERBASIS ANDROID;Artificial Intelligence;2;1
208;WHISTLEBLOWING SYSTEM PADA KABUPATEN PANGKAJENE DAN KEPULAUAN BERBASIS WEB DAN ANDROID;Sistem Terdistribusi (Web Service);2;1
209;MODEL ANIMASI 3D INTERAKTIF SEBAGAI MEDIA PEMBELAJARAN FISIKA BERBASIS DEKSTOP UNTUK SMA/MA;Intelligent System and Control/IoT;2;1
210;PENERAPAN METODE MULTI ATTRIBUTE UTILITY THEORY DALAM APLIKASI FINDTEACH (FINDER TEACHER) DI KOTA MAKASSAR BERBASIS WEB SERVICE;Artificial Intelligence;2;1
211;PERANCANGAN APLIKASI DONASI UNTUK PANTI ASUHAN DAN PENDIDIKAN DI MAKASSAR BERBASIS WEB SERVICE;Sistem Terdistribusi (Web Service);2;1
212;IMPLEMENTASI METODE MULTI LINEAR REGRESSION DALAM MEMPREDIKSI JUMLAH GAJI PEGAWAI;Artificial Intelligence;2;1
213;PEMANFAATAN DATA MINING UNTUK PENENTUAN PROGRAM DISKON DENGAN METODE APRIORI PADA GIANT EKSPRES TAMALANREA;Artificial Intelligence;2;1
214;IMPLEMENTASI METODE FISHER YATES DALAM MEMBANGUN APLIKASI UJIAN SEKOLAH BERBASIS WEB;Sistem Terdistribusi (Web Service);2;1
215;PERANCANGAN APLIKASI PRESENSI TEKNISI TELKOM SUDIANG DENGAN METODE LOCATION BASED SERVICE (LBS) BERBASIS WB SERVICE;Intelligent System and Control/IoT;2;1
216;PERANCANGAN VIDEO ANIMASI 3D INTERAKTIF SEBAGAI SARANA PROMOSI HOTEL MAXON MAKASSAR MENGGUNAKAN SOFTWARE SKETCH UP DAN LUMION;Intelligent System and Control/IoT;2;1
217;Implementasi Metode Graphic Rating Scales Untuk Penilaian DA'i berbasis Web;Sistem Pendukung Keputusan;1;1
218;Sistem Pendukung Keputusan Paket Wisata Sesuai Budget Konsumen Pada Travel dan Tour Dengan Metode AHP;Sistem Pendukung Keputusan;1;1
219;SIstem Pendukung Keputusan Penentuan Model Pembelajaran PAUD Berbasis WEB PADA BPPAUD dan DIKMAS Pov. Sul Sel;Sistem Pendukung Keputusan;1;1
220;Sistem Penunjang Keputusan Untuk Jual beli Emas dengan Algoritma Simple Moving Average Berbasis Web;Sistem Pendukung Keputusan;1;1
221;Perancangan E-Tracer Study Alumni dengan Algoritma Multiple Keyword Searching Berbasis Mobile;Data Mining;1;1
222;Penerapan Metode Analytical Hierarchy Process (AHP) Untuk Evaluasi & Identifikasi Penilaian Pegawai Berbasis Web;Sistem Pendukung Keputusan;1;1
223;Aplikasi Sistem Pakar Penyakit Ayam berbasis Web Menggunakan Metode Certainty Factor;Data Mining;1;1
224;Perancangan Aplikasi Pemasaran Produk UMKM kearifan Lokal Berbasis Search Engine Optimization (SEO) Di Kota Makassar;E-Commerce;1;1
225;Perancangan Sistem Informasi Pengadaan dan Pendistribusian Barang Habis Pakai Dengan MEtode MIN-MAX;Data Analyst;1;1
226;Sistem Absensi dan Monitoring Kehadiran Siswa Menggunakan Metode Location Based Service (LBS);E-Bisnis;1;1
227;Penerapan Metode Weighed Aggregated Sum Product Assesment (WASPAS) Untuk Rekruitmen Tenaga Unit Medis Berbasis web;Sistem Pendukung Keputusan;1;1
228;Implementasi Sistem Informasi Manajemen Masjid Muhammad Cheng HOO Makassar Berbasis Mobile;Sistem Terdistribusi (Web Service);1;1
229;Perancangan Sistem Pelayanan dan Pengaduan Layanan Pendidikan Dengan Metoe Vector Space Model Berbasis Mobile;Data Mining;1;1
230;Aplikasi Diagnosa Penyakit THT Menggunakan Metode Fuzzy Tsukamoto Berbasis Android;Data Mining;1;1
231;Penerapan Aplikasi Media E-Konseling pada SMK NEGeri 4 Makassar;E-Bisnis;1;1
232;Perancangan Sistem Evaluasi Penggunaan Bantuan dana Zakat berbasis web;Data Analyst;1;1
233;Implementasi Metode Multifactor Evaluasi Process (MFEP) untuk Keputusan Promosi Pejabat Struktural Berbasis Web;Sistem Pendukung Keputusan;1;1
234;Penerapan Algoritma Support Vector Machine untuk klasifikasi pembelian mobil bekas di era new normal;Data Mining;1;1
235;Sistem Pakar Mengidentifikasi Penyakit dan Hama Tanaman Hias Menggunakan Algoritma Modified K-Nearest Neighbor;Data Mining;1;1
236;SISTEM PENUNJANG KEPUTUSAN PENERIMA PENGHARGAAN SEKOLAH ADIWIYATA MENGGUNAKAN ALGORITMA SIMPLE MULTI ATTRIBUTE RATING TECHNIQUE (SMART);Artificial Intelligence;2;1
237;RANCANG BANGUN APLIKASI PENCARIAN BERKAS SECARA DIGITAL MENGGUNAKAN ALGORITMA KNUTH-MORRIS-PRATT BERBASIS WEB PADA DEWAN PERWAKILAN RAKYAT DAERAH KOTA MAKASSAR;Sistem Terdistribusi (Web Service);2;1
238;SISTEM PENDUKUNG KEPUTUSAN PENENTUAN KARYAWAN TERBAIK MENGGUNAKAN METODE MULTI ATTRIBUTE UTILITY THEORY (MAUT);Artificial Intelligence;2;1
239;SISTEM PAKAR PENENTUAN TINDAKAN PENANGANAN KERUSAKAN ELEMEN JEMBATAN PADA PT. IRAYA KONSULTAN MENGGUNAKAN CERTAINTY FACTOR BERBASIS WEB;Artificial Intelligence;2;1
240;APLIKASI PENCARIAN INFORMASI SEBARAN DAN KLASIFIKASI COVID-19 MENGGUNAKAN CONVOLUTIONAL NEURAL NETWORK BERBASIS ANDROID;Artificial Intelligence;2;1
241;IMPLEMENTASI METODE DEMPSTER SHAFER PADA SISTEM PAKAR DIAGNOSA PENYAKIT TANAMAN KOPI BERBASIS MOBILE;Artificial Intelligence;2;1
242;GAME EDUKASI INTERAKTIF TEBAK DAN ARTI KATA BAHASA INGGRIS DENGAN ALGORITMA FISHER–YATES SHUFFLE BERBASIS WEB;Artificial Intelligence;2;1
243;PERANCANGAN GAME EDUKASI TEBAK GAMBAR MAKANAN KHAS INDONESIA MENGGUNAKAN METODE LINEAR CONGRUENTIAL GENERATOR BERBASIS ANDROID;Artificial Intelligence;2;1
244;APLIKASI MACHINE LEARNING DALAM MEMPREDIKSI WAKTU KERUSAKAN SEPEDA MOTOR MENGGUNAKAN METODE LOGISTIC REGRESSION;Artificial Intelligence;2;1
245;SISTEM PENDUKUNG KEPUTUSAN MENGGUNAKAN METODE ELECTRE DALAM PEMILIHAN OBJEK WISATA DI SULAWESI SELATAN BERBASIS WEB;Artificial Intelligence;2;1
246;PEMBANGUNAN APLIKASI PENENTUAN KELAS MATA KULIAH BERBASIS WEB MENGGUNAKAN ALGORITMA SEMUT;Artificial Intelligence;2;1
247;PERANCANGAN APLIKASI PENGONTROLAN KEHADIRAN DOSEN DAN STAFF STMIK DIPANEGARA MAKASSAR BERBASIS MOBILE;Sistem Terdistribusi (Web Service);2;1
248;PERANCANGAN APLIKASI REKOMENDASI PEMBELIAN RUMAH BERDASARKAN KEBUTUHAN USER MENGGUNAKAN ALGORITMA GREEDY PADA KECAMATAN TAMALANREA;Artificial Intelligence;2;1
249;PERANCANGAN APLIKASI KELAYAKAN DAN KLASIFIKASI PROGRAM KERJA BAPEDA KOTA MAKASSAR DENGAN METODE PREFERENCE SELECTION INDEX;Artificial Intelligence;2;1
250;PERANCANGAN APLIKASI PENGELOLAAN PAKET WISATA KE PULAU-PULAU SEKITAR MAKASSAR PADA OCEAN TRIP BERBASIS WEB SERVICE;Sistem Terdistribusi (Web Service);2;1
251;PERANCANGAN APLIKASI PENUNJANG PENINGKATAN KEAMANAN PERUMAHAN DENGAN MENGGUNAKAN LOCATION BASED SERVICE BERBASIS ANDROID PADA PERUMAHAN BUNG PERMAI;Keamanan Komputer dan Informasi;2;1
252;PENERAPAN METODE DECITION TREE DALAM MENGKLASIFIKASI DATA GURU UNTUK MENENTUKAN JADWAL MENGAJAR BERBASIS WEB;Artificial Intelligence;2;1
253;RANCANG BANGUN APLIKASI MONITORING PENGERJAAN INSPEKSI BERBASIS WEB DENGAN MENGGUNAKAN METODE INCREMENTAL PROCESS MODEL PADA PT. SUCOFINDO CABANG MAKASSAR;Sistem Terdistribusi (Web Service);2;1
254;SISTEM KLASIFIKASI SIKAP MURID SEKOLAH MENENGAH PERTAMA SELAMA MASA PANDEMI COVID-19 MENGGUNAKAN METODE NAÏVE BAYES;Artificial Intelligence;2;1
255;PEMANFAATAN SISTEM INTERNET OF THINGS (IOT) DALAM MONITORING ABSENSI MAHASISWA MENGGUNAKAN ALAT KARTU MAHASISWA DAN KARTU DOSEN DENGAN METODE RFID;Intelligent System and Control/IoT;2;1
256;PERANCANGAN APLIKASI LIBRARY FREE SERVICE DALAM MENDUKUNG DIGITALISASI LAYANAN ON-SITE SEVICE PERPUSTAKAAN PADA UPT PERPUSTAKAAN UNHAS MAKASSAR;Sistem Terdistribusi (Web Service);2;1
257;PERAMALAN JUMLAH PEMINAT PROGRAM STUDI PADA STMIK DIPANEGARA MENGGUNAKAN REGRESI LINEAR BERGANDA BERBASIS WEB;Artificial Intelligence;2;1
258;IMPLEMENTASI DIGITAL SIGNATURE PADA DOKUMEN DIGITAL DENGAN TEKNOLOGI QRCODE MENGGUNAKAN ALGORITMA SHA DAN RSA;Keamanan Komputer dan Informasi;2;1
259;PERANCANGAN APLIKASI PENDATAAN IZIN SISWA/SISWI PADA SMPIT YAA BUNAYYA FATHUL KHAIR DENGAN NOTIFICATION TELEGRAM BERBASIS WEB;Sistem Terdistribusi (Web Service);2;1
260;PERANCANGAN SISTEM KENDALI STOP KONTAK PADA RUMAH TINGGAL DENGAN KOMUNIKASI ANTAR MESIN MENGGUNAKAN PROTOKOL MQTT;Intelligent System and Control/IoT;2;1
261;IMPLEMENTASI DATA MINING UNTUK KLASIFIKASI DAN PERBAIKAN DATA MASYARAKAT MISKIN DENGAN METODE CART;Artificial Intelligence;2;1
262;SISTEM APLIKASI PEMBELAJARAN ONLINE BERBASIS WEB SERVICE PADA SEKOLAH MENENGAH KEJURUAN (SMK NEGERI 5 BANTAENG);Sistem Terdistribusi (Web Service);2;1
263;IMPLEMENTASI ALGORITMA MONTE CARLO UNTUK REKOMENDASI PEMILIHAN KOMPONEN MINING RIG BITCOIN BERBASIS WEB;Artificial Intelligence;2;1
264;RANCANG BANGUN APLIKASI INTEGRASI PERSEDIAAN SPARE PART PADA BENGKEL ADHI MOTOR SPORT BERBASIS WEB SERVICE;Sistem Terdistribusi (Web Service);2;1
265;PERANCANGAN APLIKASI MEDIA EVALUASI PEMBELAJARAN HAFALAN BACAAN DOA AGAMA ISLAM BERBASIS ANDROID;Sistem Terdistribusi (Web Service);2;1
266;RANCANG BANGUN APLIKASI E-TASK BERBASIS WEB SERVICE DI AL AKHYAR ISLAMIC SCHOOL MAKASSAR;Sistem Terdistribusi (Web Service);2;1
267;SISTEM MONITORING INFUS BERBASIS IoT MENGGUNAKAN EPS8266 ARDUINO;Intelligent System and Control/IoT;2;1
268;PERANCANGAN DAN MONITORING SMART HOME MENGGUNAKAN GOOGLE ASISTEN DAN BOT TELEGRAM BERBASIS MIKROKONTROLER NODEM CU;Intelligent System and Control/IoT;2;1
269;PERANCANGAN SISTEM MONITORING KETERSEDIAN SLOT PARKIRAN MENGGUNAKAN SISTEM WIRELESS LOCAL AREA NETWORKS;Intelligent System and Control/IoT;2;1
270;PERANCANGAN APLIKASI GAME EDUKASI 3D PLATFORM CORONA VIRUS DISEASE (COVID-19) BERBASIS WEB SERVICE MENGGUNAKAN GAME ENGINE UNITY;Artificial Intelligence;2;1
271;Perancangan SIstem Penasehat Akademik Integrasi KRS Online Dengan Teknologi Web Service;Sistem Terdistribusi (Web Service);1;1
272;Penerapan Aplikasi Web untuk Sistem Distribusi Obat Pada Apotik 57;E-Commerce;1;1
273;Implementasi Algoritma Interative Dichotomizer Three (IMI) Pada Aplikasi Pemberian IZIn Export Import Hasil Pertanian Berbasis Web;Data Mining;1;1
274;APLIKASI INTEGRASI PENGOLAHAN DATA BARANG SECARA REAL TIME PT. SUMBER ADIPANGAN USAHA TAMA (SAUT) MAKASSAR BERBASIS WEB;Sistem Terdistribusi (Web Service);1;1
275;Penerapan Aplikasi Virtual Asisten menggunakan Artificial Intelligence Markup Language (AIML) sebagai media informasi perpustakaan;Data Mining;1;1
276;SISTEM PERAMALAN NILAI JUAL KOKODITAS UNGGULAN PROVINSI SULAWESI SELATAN MENGGUNAKAN METODE EXPONENTIAL SMOOTHING;Artificial Intelligence;2;1
277;SISTEM PENUNJANG KEPUTUSAN PEMILIHAN KEGIATAN EKSTRAKULIKULER MENGGUNAKAN METODE SIMPLE MULTY ATRIBUTE RATING TECHNIQUE (SMART) BERBASIS WEB SERVICE;Artificial Intelligence;2;1
278;PERANCANGAN PROGRAM PENANGANAN KELUHAN DAN KOMPLAIN PELAYANAN PADA POLI UMUM PUSKESMAS ANTARA MENGGUNAKAN ALGORITMA CASE-BASED REASONING (CBR);Artificial Intelligence;2;1
279;IMPLEMENTASI DATA MINING UNTUK MENENTUKAN KEBUTUHAN PRODUKSI PERTANIAN ENREKANG MENGGUNAKAN ALGORITMA APRIORI DENGAN BAHASA JAVA;Artificial Intelligence;2;1
280;SISTEM PENDUKUNG KEPUTUSAN PENENTU PESERTA MAGANG TERBAIK BERBASIS WEB MENGGUNAKAN METODE PROMETHREE;Artificial Intelligence;2;1
281;RANCANG BANGUN SISTEM INFORMASI TERPADU COVID 19 PADA KABUPATEN PASANGKAYU BERBASISI WEB;Sistem Terdistribusi (Web Service);2;1
282;RANCANG BANGUN SISTEM SIMULASI UJIAN NAIONAL MENGUKAN METODE BOOTSTRAP BERBASIS WEB DI SMKN NEGERI 1 BULUKUMBA;Sistem Terdistribusi (Web Service);2;1
283;IMPLEMENTASI DATA MINING PADA DATABASE TELEPON SELULAR UNTUK PERANKINGAN DENGAN METODE TOPSIS DAN K-MEANS;Artificial Intelligence;2;1
284;APLIKASI PEMESANAN JASA DRY CLEANING MENGGUNAKAN METODE HAVERSINE BERBASIS ANDROID;Sistem Terdistribusi (Web Service);2;1
285;APLIKASI SISTEM PENDUKUNG KEPUTUSAN UNTUK MENILAI KERJA KARYAWAN MENGGUNAKAN METODE MCDM ARAS BERBASIS WEB;Artificial Intelligence;2;1
286;PERANCANGAN APLIKASI ANIMASI 3D INTERAKTIF SEBAGAI ALAT BANTU AJAR MATA PELAJARAN BIOLOGI TINGKAT SMA;Intelligent System and Control/IoT;2;1
287;PERANCANGAN APLIKASI EDUKASI PENGENALAN ADAT ISTIADAT SULAWESI SELATAN MENGGUNAKAN ANIMASI 2D INTERAKTIF BERBASIS ANDROID;Intelligent System and Control/IoT;2;1
288;RANCANG BANGUN WEBSITE PEMBELAJARAN ONLINE PENDIDIKAN NONFORMAL;Sistem Terdistribusi (Web Service);2;1
289;PERANCANGAN SISTEM PERHITUNGAN PEROLEHAN SUARA PADA PEMILIHAN KEPALA DESA(PILKADES) MENGGUNAKAN FRAMEWORK FLUTTER BERBASIS ANDROID;Sistem Terdistribusi (Web Service);2;1
290;SISTEM PENDUKUNG KEPUTUSAN PENILAIAN KINERJA KAYAWAN MENGGUNAKAN DEMATEL (DECISION MAKING TRIAL AND EVALUATION LABORATORY);Artificial Intelligence;2;1
291;PERANCANGAN e-ADMINISTRASI DESA BERBASIS WEB;Sistem Terdistribusi (Web Service);2;1
292;IMPLEMENTASI METODE PATHFINDING PADA NON PLAYER CHARACTER GAME 3D;Artificial Intelligence;2;1
293;PERANCANGAN SISTEM FORECASTING KUNJUNGAN WARKOP MENGGUNAKAN METODEBOX-JENKINS (ARIMA);Artificial Intelligence;2;1
294;IMPLEMENTASI ALGORITMA SEMUT PADA GAME SLIDE PUZZLE BERBASIS ANDROID UNTUK MELATIH SISTEM KOGNITIF ANAK;Artificial Intelligence;2;1
295;SISTEM ANALISIS POTENSI LOKASI TENAN MENGGUNAKAN METODE PREFERENCE SLECTION INDEX (PSI);Artificial Intelligence;2;1
296;SISTEM PENDUKUNG KEPUTUSAN PENENTUAN PENERIMA BANTUAN DANA KORBAN COVID-19 MENGGUNAKAN METODE PREFERENCE SLECTION INDEX (PSI);Artificial Intelligence;2;1
297;IMPLEMENTASI METODE MULTI FACTOR EVALUATION PROCESS (MFEP) DALAM SELEKSI PROGRAM TAHUNAN PENERIMA BANTUAN SOSIAL PANGAN PADA PT. TIRAN GROUP MAKASSAR;Artificial Intelligence;2;1
298;IMPELEMENTASI RATE AND REVIEW LINTAS DEPARTEMEN UNTUK PENILAIAN KINERJA KARYAWAN BERBASIS WEBSERVICE;Sistem Terdistribusi (Web Service);2;1
299;RANCANG BANGUN APLIKASI POLA HIDUP SEHAT BERDASARKAN STATUS RIWAYAT PENYAKIT PADA PASIEN RAWAT JALAN BERBASIS WEB;Sistem Terdistribusi (Web Service);2;1
300;IDENTIFIKASI PERTUMBUHAN SAYURAN HIDROPONIK MENGGUNAKAN METODE BACKPROPAGATION;Data Mining;1;1
301;PERANCANGAN SISTEM OPTIMASI PENGIRIMAN BARANG DENGAN METODE GREEDY BERBASIS WEB;E-Commerce;1;1
302;Perancangan Aplikasi Pengukuran Lama Studi Siswa Penerbangan Dengan Metode Logistic Regression Berbasis Web;Data Mining;1;1
303;SISTEM PENDUKUNG KEPUTUSAN BERBASIS WEB UNTUK PEMILIHAN BERAS BERKUALITAS MENGGUNAKAN METODE AHP (Analytical Hierarchy Process);Sistem Pendukung Keputusan;1;1
304;SISTEM PAKAR DETEKSI PENYAKIT TANAMAN KOPI DAN COKLAT DENGAN METODE BREADTH-FIRST SEARCH BERBASIS WEB;Data Mining;1;1
305;PERANCANGAN MEDIA PEMBELAJARAN ANIMASI 3D INTERAKTIF MATA PELAJARAN MATEMATIKA TINGKAT SMA;Intelligent System and Control/IoT;2;1
306;SISTEM PAKAR DETEKSI MASALAH TUMBUH KEMBANG ANAK DENGAN METODE CASE BASED REASONING;Data Mining;1;1
307;PERANCANGAN APLIKASI SISTEM PAKAR DIAGNOSA PENYAKIT KISTA OVARIUM BERBASIS WEB DENGAN METODE FUZZY MAMDANI;Data Mining;1;1
308;SISTEM PAKAR DETEKSI PENYAKIT PADA KUCING IMPORT MENGGUNAKAN METODE INFERECE TREE;Data Mining;1;1
309;PERANCANGAN APLIKASI PENCARIAN TEMPAT KOST KELUARGA DI KOTA MAKASSAR BERBASIS ANDROID KOTLIN MENGGUNAKAN ALGORITMA SEQUENTIAL SEARCH;Sistem Terdistribusi (Web Service);2;1
310;SISTEM EVALUASI DAN IDENTIFIKASI POTENSI PEGAWAI DALAM MENINGKATKAN DAYA SAING KERJA MENGGUNAKAN METODE K-NEAREST NEIGHBOR BERBASIS WEB;Artificial Intelligence;2;1
311;IMPLEMENTASI METODE FUZZY-AHP PADA APLIKASI PEMILIHAN LOKASI COWORKING SPACE DI KOTA MAKASSAR BERBASIS WEB;Artificial Intelligence;2;1
312;SISTEM MONITORING PEMAKAIAN ENERGI LISTRIK RUMAH BERBASIS INTERNET OF THINGS;Intelligent System and Control/IoT;2;1
313;GAME PUZZLE 23 MENGGUNAKAN UNITY TEMPAT WISATA DI WILAYAH SULAWESI SELATAN;Artificial Intelligence;2;1
314;SISTEM PAKAR MENDETEKSI PENGGUNAAN NARKOBA DENGAN METODE FUZYY-AHP;Data Mining;1;1
315;IMPLEMENTASI EXPONENTIAL SMOOTHING PADA SISTEM PENUNJANG KEPUTUSAN DALAM MELIHAT PELUANG PERTUMBUHAN BISNIS UMKM KABUPATEN TORAJA UTARA;Sistem Pendukung Keputusan;1;1
316;SISTEM PAKAR ANALISA KEPRIBADIAN DAN GAYA BELAJAR ANAK DENGAN METODE JARINGAN SYARAF TIRUAN HEBB RULE;Data Mining;1;1
317;PERANCANGAN APLIKASI SISTEM PAKAR DENGAN MENERAPKAN METODE INFERENSI BACKWARD CHAINING DELAM IDENTIFIKASI PENYAKIT KULIT BERBASIS ANDROID;Artificial Intelligence;2;1
318;RANCANG BANGUN APLIKASI GAME 'VHUNTER' BERBASIS ANDROID MENGGUNAKAN UNITY;Artificial Intelligence;2;1
319;IMPLEMENTASI METODE ADDITIVE RATIO ASSESSMENT (ARAS) UNTUK PEMBERIAN INSENTIF & PROMOSI JABATAN BERBASIS WEB;Sistem Pendukung Keputusan;1;1
320;PERANCANGAN SISTEM INFORMASI TRACKING PENGIRIMAN BARANG PADA EKSPEDISI ANUGRAH INDAH BERBASIS WEB;E-Commerce;1;1
321;SISTEM PEMILIHAN LOKASI USAHA KAFE KOTA MAKASSAR DENGAN METODE VIKOR BERBASIS WEB;Sistem Pendukung Keputusan;1;1
322;APLIKASI PEMILIHAN SISWA TERBAIK BERDASARKAN PENILAIAN K13 MENGGUNAKAN METODE PERBANDINGAN EKSPONENSIAL (MPE) PADA SMK PRIMA TIARA MAKASSAR BEBRBASIS WEB;Artificial Intelligence;2;1
323;Sistem Pakar Mendeteksi Gangguan Psikologi Anak Menggunakan Metode Case Based Reasoning Berbasis Web;Data Mining;1;1
324;SISTEM PAKAR DETEKSI LOKASI PEMBIBITAN TANAMAN MENGGUNAKAN METODE MAXIMUM LIMITATION FACTOR;Data Mining;1;1
325;PERANCANGAN SISTEM PENENTUAN KOMODITI UNGGULAN DESA MENGGUNAKAN METODE LOCATION QUOTIENT (LQ) DAN SHIFT SHARE (SS) BERBASIS WEB;Sistem Pendukung Keputusan;1;1
326;PENERAPAN DATA MINING PREDIKSI PENJUALAN MOTOR DENGAN METODE K-NEAREST NEIGHBOR PADA REMAJA MOTOR (HONDA);Data Mining;1;1
327;IMPLEMENTASI APLIKASI PELAYANAN ADMINISTRASI PUBLIK BERBASIS MOBILE;Sistem Terdistribusi (Web Service);1;1
328;PERANCANGAN SISTEM PEMBAYARAN DIGITAL BUS MENGGUNAKAN TEKNOLOGI NFC (NEAR FIELD COMMUNICATION) BERBASIS ANDROID;E-Commerce;1;1
329;PERANCANGAN E-COMMERCE PENJUALAN ALAT NELAYAN (STUDI KASUS: UD SUMBER BAHARI);E-Commerce;1;1
330;PERANCANGAN APLIKASI LAYANAN PELANGGAN PDAM SWASTA PADA PERUMAHAN PURI YUHANA PERMAI BERBASIS ANDROID;Sistem Terdistribusi (Web Service);1;1
331;SISTEM PENCARIAN KATA PADA ENSIKLOPEDIA SASTRA INDONESIA MENGGUNAKAN ALGORITMA LAVENSTHEIN DISTANCE BERBASIS ANDROID;Data Mining;1;1
332;IMPLEMENTASI ALGORITMA KNUTH MORRIS PRATT UNTUK PENCARIAN ISI KONTEN BUKU DIGITAL PADA BADAN PERPUSTAKAAN DAN ARSIP DAERAH PROV SUL SEL;Data Mining;1;1
333;PENERAPAN DATA MINING UNTUK MEMPREDIKSI POTENSI MAHASISWA DROP OUT MENGGUNAKAN EXPECTATION MAXIMISATION ALGORITMS;Artificial Intelligence;2;1
334;PERANCANGAN GAME EDUKASI KEARIFAN BUDAYA BANGSA INDONESIA MENGGUNAKAN METODE LINEAR CONGRUENTIAL GENERATOR (LCG) BERBASIS ANDROID;Game;2;1
335;SISTEM PEMESANAN DENGAN AUTOMATIC SPEECH RECOGNITION PADA DRIVE THRU PADA RESTORAN CEPAT SAJI BERBASIS WEB;Artificial Intelligence;2;1
336;IMPLEMENTASI METODE FONETIS PADA GAME SUSUN KATA BERANIMASI BERBASIS ANDROID;Artificial Intelligence;2;1
337;PERANCANGAN APLIKASI FACE RECOGNITION MENGGUNAKAN METODE EIGENFACE UNTUK DETEKSI MAHASISWA UNDIPA MAKASSAR;Artificial Intelligence;2;1
338;PERANCANGAN APLIKASI GAME TEKA-TEKI SILANG MULTIPLAYER BERBASIS ANDROID;Artificial Intelligence;2;1
339;PERANCANGAN APLIKASI PENDATAAN TENAGA PENDIDIK DAN KEPENDIDIKAN PADA DINAS PENDIDIKAN PROVINSI SULAWESI SELATAN BERBASIS WEB;Sistem Terdistribusi (Web Service);2;1
340;APLIKASI PROTOKOL KESEHATAN RESEPSI PERNIKAHAN PADA HOTEL CLARO MAKASSAR MENGGUNAKAN METODE SIRO (SERVIVE IN RANDOM ORDER) BERBASIS ANDROID;Sistem Terdistribusi (Web Service);2;1
341;PERANCANGAN GAME ANIMASI 3D SEBAGAI MEDIA PEMBELAJARAN AKSARA LONTARA (EDULONTARA) BERBASIS ANDROID;Artificial Intelligence;2;1
342;Perbandingan Metode AHP dan Profile Matching pada SIstem Rekrutmen Asisten Apoteker (studi kasus: Klinik Parakita);Sistem Pendukung Keputusan;1;1
343;PEMANFAATAN TEKNOLOGI AUGMENTED REALITY SEBAGAI MEDIA PROMOSI PERUMAHAN NASIONAL (PERUMNAS) ANTANG SARI BERBASIS WEB MENGGUNAKAN MOTION TRACKING;Artificial Intelligence;2;1
344;PERANCANGAN GAME ENDLESS RUNNER MENGGUNAKAN UNITY BERBASIS ANDROID;Artificial Intelligence;2;1
345;APLIKASI PENGAJUAN JADWAL KONSULTASI PADA BADAN KEPEGAWAIAN DAERAH PROVINSI SULAWESI SELATAN BERBASIS WEB DAN SANDROID;Sistem Terdistribusi (Web Service);2;1
346;PENERAPAN ALGORITMA COSINE SIMILARITY DAN PEMBOBOTAN TF-IDF PADA SISTEM KLASIFIKASI BERITA;Artificial Intelligence;2;1
347;ALANISA OPINI PEMBELAJARAN DARING PADA SOSIAL MEDIA TWITTER DENGAN METODE TF-IDF;Artificial Intelligence;2;1
348;SISTEM PERINGATAN DINI GEMPA BUMI DAN KEBAKARAN MENGGUNAKAN INTEGRASI KOMUNIKASI WIFI DAN SELULER BERBASIS INTERNET OF THINGS;Intelligent System and Control/IoT;2;1
349;PERANCANGAN APLIKASI E-LIBRARY PADA PT PERPUSTAKAAN UNHAS MENGGUNAKAN METODE SERVQUAL;Sistem Terdistribusi (Web Service);2;1
350;RANCANG BANGUN SISTEM INFORMASI PENJUALAN ONLINE PRODUKSI PERTANIAN BERBASIS WEB DI DESA BARANA KEC. BANGKALA BARAT KABUPATEN JENEPONTO;Sistem Terdistribusi (Web Service);2;1
351;PERANCANGAN DATA MINING UNTUK DISTRIBUSI PRODUK MENGGUNAKAN METODE LEAST TRIMMED SQUARE BERBASIS WEB;Data Mining;1;1
352;SISTEM PENJADWALAN PERJALANAN DINAS DAN RAPAT METODE SHORTEST JOB NEXT BERBASIS ANDROID;Sistem Terdistribusi (Web Service);1;1
353;APLIKASI MONITORING CHECK PAS/ID CARD BERBASIS MOBILE;Sistem Terdistribusi (Web Service);1;1
354;SYSTEM PERINGATAN DINI (EARLY WARNING SYSTEM) BENCANA DAN KEBAKARAN BERBASIS MOBILE;Sistem Terdistribusi (Web Service);1;1
355;PENGUKURAN JUMLAH WAKTU DAN LANGKAH OPTIMUM DALAM PENYUSUSNAN POTONGAN GAMBAR DENGAN TIGA METODE PUZZLE YANG BERBEDA;Artificial Intelligence;2;1
356;IMPLEMENTASI METODE FUZZY LOGIC DALAM MENGANALISA TINGKAT KEPUASAN LAYANAN DAN PELAYANAN PENGUNJUNG HOTEL;Artificial Intelligence;2;1
357;IMPLEMENTASI DATA MINING RULE ASOSIASI MENGGUNAKAN ALGORITMA APRIORI DALAM PENENTUAN POLA PEMBELIAN PRODUK PARFUM YANG TERJUAL;Artificial Intelligence;2;1
358;PERANCANGAN APLIKASI MONITORRING STOCK OBAT MENGGUNAKAN ALGORITMA BUBBLE SORT BERBASIS ANDROID PADA APOTIK TALITA;Sistem Terdistribusi (Web Service);2;1
359;PERANCANGAN APLIKASI LOMBA TINGKAT SMA BERBASIS WEB MENGGUNAKAN ALGORITMA NAÏVE SHUFFLE PADA DINAN PENDIDIKAN MAMUJU;Sistem Terdistribusi (Web Service);2;1
360;PERANCANGAN ANIMASI 3D INTERAKTIF PERUMAHAN PURI TAMAN RAHMALA MENGGUNAKAN SOFTWARE SKETCHUP DAN LUMION;Intelligent System and Control/IoT;2;1
361;PERANCANGAN APLIKASI TRACKING DISPOSISI SURAT BERBASIS ANDRID DENGAN METODE CHRONOLOGICAL FILING SYSTEM PADA DINAS PERUMAHAN;Sistem Terdistribusi (Web Service);2;1
362;RANCANG BANGUN APLIKASI PELAPORAN DATA DAN MONITORING PENGADAAN BARANG DAN JASA PADA BIRO PENGADAAN BARANG DAN JASA BERBASIS WEB;Sistem Terdistribusi (Web Service);2;1
363;SISTEM PAKAR DIAGNOSA DETEKSI DINI PENYAKIT VIRUS CORONA MENGGUNAKAN METODE CERTAINTY FACTOR DAN BACKWARD CHAINING;Artificial Intelligence;2;1
364;PERANCANGAN APLIKASI IT HELPDESK PADA FAJAR TECHNO & SYSTEM BERBASIS WEB (STUDI KAUS : GEDUNG GRAHA PENA MAKASSAR);Artificial Intelligence;2;1
365;IMPLEMENTASI TEKNOLOGI AUGMENTED REALITY SEBAGAI MEDIA PENGENALAN AKSARA LONTARA' BERBASIS ANDROID DENGAN METODE MARKER BASED;Intelligent System and Control/IoT;2;1
366;APLIKASI REMINDER PERPANJANGAN KONTRAK PADA SISTEM PEGAWAI KONTRAK BIRO ADMINISTRASI PIMPINAN KANTOR GUBERNUR PROVINSI SULAWESI SELATAN BERBASIS WEB SERVICE;Sistem Terdistribusi (Web Service);2;1
367;PERANCANGAN APLIKASI PEMBELAJARAN INTERAKTIF MATERI BAHASA PEMROGRAMAN JAVA DAN TOUTUBE API BERBASIS ANDROID;Sistem Terdistribusi (Web Service);2;1
368;PENERAPAN DATA MINING KLASIFIKASI KARAKTERISTIK KEPRIBADIAN SISWA MENGGUNAKAN METODE KOHONEN NERURAL NETWORK;Artificial Intelligence;2;1
369;APLIKASI PENGADUAN PELAYANAN PADA DIMANA TENAGA KERJA DAN TRANSMIGRASI BERBASIS MOBILE;Sistem Terdistribusi (Web Service);1;1
370;PERANCANGAN SISTEM PENCARIAN BUKU DAN ARSIP INTERAKTIF DENGAN METODE SEQUENTIAL SEARCH BERBASIS WEB;Data Mining;1;1
371;PERANCANGAN APLIKASI PEREKRUTAN KARYAWAN DENGAN METODE COMPOSITE PERFORMANCE INDEX BERBASIS WEB;Sistem Pendukung Keputusan;1;1
372;IMPLEMENTASI SUPPLY CHAIN MANAGEMENT PADA PT. NIPPON INDOSARI CORPORINDO MAKASSAR BERBASIS WEB;E-Commerce;1;1
373;PERANCANGAN SISTEM DATA CENTER BERBASIS MOBILE PLATFORM PADA PALANG MERAH INDONESIA (PMI) MAKASSAR;Sistem Terdistribusi (Web Service);2;1
374;SIMULASI PENGGUNAAN METODE K-NEAREST NEIGHBOR DALAM PEMILIHAN PEMINATAN/KONSENTRASI (STUDI KASUS DI UNIVERSITAS MAKASSAR);Artificial Intelligence;2;1
375;PERANCANGAN APLIKASI PENGONTROLAN DATA PADA LEMBAGA PENYELENGGARA VAKSINASI COVID-19 PERSATUAN MASYARAKAT KRISTEN INDONESIA TIMUR (PMKIT) SULAWESI SELATAN BERBASIS WEB SERVICE;Sistem Terdistribusi (Web Service);2;1
376;RANCANG BANGUN GAME 2D SIMULASI PROGRAMMER MENGGUNAKAN LINEAR CONGRUENT METHOD BERBASIS ANDROID;Artificial Intelligence;2;1
377;APLIKASI PENGENALAN ALFABET DENGAN GAME PUZZLE PADA ANAK USIA DINI BERBASIS ANDROID MENGGUNAKAN METODE A-ASART;Artificial Intelligence;2;1
378;IMPLEMENTASI INTERNET OF THINGS UNTUK TELECONTROL PEMANAS MAKANAN MENGGUNAKAN TELEGRAM MESENGER BOT DAN NODEMCU ESP8266;Intelligent System and Control/IoT;2;1
379;TANTANGAN DIGITAL PADA DOKUMENT DENGAN SECURE HASH ALGORITHM-1;Keamanan Komputer dan Informasi;2;1
380;PRANCANGAN APLIKASI GAME EDUKASI MATEMATIKA INTERAKTIF BERBASIS ANDROID;Artificial Intelligence;2;1
381;PERANCANGAN APLIKASI ESTIMASI RENCANA BELANJA PADA SUPERMARKET MENGGUNAKAN BARCODE BERBASIS ANDROID;Sistem Terdistribusi (Web Service);2;1
382;IMPLEMENTASI ALGORITMA GENETIKA UNTUK PENJADWALAN KULIAH BERBASIS WEB;Artificial Intelligence;2;1
383;PERANCANGAN APLIKASI MONITORING TUMBUH KEMBANG BALITA BERBASIS FRAMEWORK DAN ANROID;Sistem Terdistribusi (Web Service);3;1
384;PERANCANGAN APLIKASI KEUANGAN DALAM MENUNJANG KINERJA USAHA PADA TOKO BAN HIKER MOTOR DI BARAKA ENREKANG BERBASIS WEB;Optimasi Database;3;1
385;PERANCANGAN APLIKASI PENJUALAN PAPAN BUNGA BERBASIS WEB PADA TOKO INDO FLORIT MAKASSAR;E-Commerce;3;1
386;PERANCANGAN APLIKASI PELAYANAN PASIEN BERBASIS FRAMEWORK DAN ANROID PADA RUMAH SAKIT BHAYANGKARA MAKASAR;Sistem Terdistribusi (Web Service);3;1
387;PERANCANGAN APLIKASI PEMESANAN MAKANAN PADA RUMAH MAKAN MBAK DAENG PENGAYOMAN BERBASIS ANDROID;E-Commerce;3;1
388;PERANCANGAN GAME PENGENALAN HURUF HIJAYYAH UNTUK ANAK USIA DINI BERBASIS ANDROID DENGAN CONSTRUCT 2;UI/UX Desain;3;1
389;IMPLEMENTASI SISTEM INFORMASI PERSEDIAAN DAN PEMESANAN STOK DARAH BERBASIS ANDROID PADA PMI MAKASSAR;Optimasi Database;3;1
390;APLIKASI PENCARIAN PRAKTEK DOKTER SPESIALIS DI KOTA MAKASSAR BERBASIS ANDROID;Sistem Terdistribusi (Web Service);3;1
391;PERANCANGAN PROGRAM APLIKASI KASIR PADA WARKOP MAGELLONA MAKASSAR BERBASIS ANDROID;E-Commerce;3;1
392;PERANCANGAN KARAKTER ANIME BERBASIS 3D AUGMENTED REALITY PADA PRODUK GANTUNGAN KUNCI;UI/UX Desain;3;1
393;PERANCANGAN SISTEM INFORMASI KERJA PRAKTIK BERBASIS WEB PADA UNIVERSITAS DIPA MAKASSAR;Sistem Terdistribusi (Web Service);3;1
394;PERANCANGAN PERANGKAT LUNAK PENGARSIPAN DOKUMEN DI KANTOR LINGKUNGAN HIDUP KOTA MAKASSAR BERBASIS WEB;Sistem Terdistribusi (Web Service);3;1
395;PERANCANGAN APLIKASI PENILAIAN AKHIR SEMESTER (PAS) SECARA ONLINE PADA SISWA SMP NEGERI 19 MAKASSAR BERBASIS WEB;Sistem Terdistribusi (Web Service);3;1
396;PERANCANGAN APLIKASI PENJUALAN E-TIKET TRAVEL MOBIL (E-TICARS) BERBASIS MOBILE;E-Commerce;3;1
397;PERANCANGAN APLIKASI SISTEM PEMBAYARAN TAGIHAN AIR PAMSINAS PANGKEP BERBASIS WEB;E-Commerce;3;1
398;PERANCANGAN APLIKASI MANAJEMEN PENGELOLAAN RAPAT OFFLINE DAN ONLINE PADAA DINAS PERHUBUNGAN PROVINSI SULAWESI SELATAN BERBASIS ANDROID;Sistem Terdistribusi (Web Service);3;1
399;PENERAPAN METODE MOORA DAN TREND MOMENT UNTUK SISTEM PENENTUAN PRDUKSI OBAT HERBAL BERBASIS WEB;Sistem Pendukung Keputusan;1;1
400;PENERAPAN METODE SIMPLE ATTRIBUTE RATING TECHNIQUE (SMART) DALAM PENGAMBILAN KEPUTUSAN PEMILIHAN PEGAWAI TELADAN MENGGUNAKAN FRAMEWORK LARAVEL;Sistem Pendukung Keputusan;1;1
401;SISTEM PAKAR DIAGNOSIS KECANDUAN GAME ONLINE MENGGUNAKAN METODE FUZZY TSUKAMOTO BERBASIS WEB;Data Mining;1;1
402;ANALISIS METODE WEIGHTED PRODUCT DAN SIMPLE ADDITIVE WEIGHTING DALAM PENENTUAN DISKON PRODUK;Sistem Pendukung Keputusan;1;1
403;PERANCANGAN APLIKASI PENENTUAN PARFUM TERLARIS DENGAN METODE K-MEANS BERBASIS WEB;Data Mining;1;1
404;PERANCANGAN APLIKASI SMART TRAFFIC LIGHT UNTUK MENDETEKSI PENGGUNA JALAN DAN MENGHITUNG JUMLAH ANTRIAN BERBASIS DETEKSI TEPI SOBEL;Intelligent System and Control/IoT;2;1
405;PENGEMBANGAN SISTEM REKAP DATA DAN MONITORING PEMAKAIAN ENERGI LISTRIK RUMAH BERBASIS ANDROID;Intelligent System and Control/IoT;2;1
406;PENERAPAN ALGORITMA GENETIKA DALAM MENENTUKAN JADWAL MENGAJAR GURU DI SMK ANDIKA MEBALI BERBASIS WEB;Artificial Intelligence;2;1
407;IMPLEMENTASI ALGORITMA SEQUENTIAL SEARCH PADA GAME EDUKASI OBJEK UNTUK ANAK USIA DINI BERBASIS WEB;Artificial Intelligence;2;1
408;PERANCANGAN APLIKASI MANAJEMEN KENIAKAN GAJI BERKALA DAN PANGKAT PEGAWAI PADA KSP MALLOMO JAYA ABADI MENGGUNAKAN FRAMEWORK LARAVEL;Sistem Terdistribusi (Web Service);2;1
409;PERANCANGAN APLIKASI PENENTUAN SISWA BERPRESTASI MENGGUNAKAN METODE INFERENSI FUZZY MAMDANI DAN SUGENO PADA SDN 29/4 MAJANNANG BERBASIS WEB;Artificial Intelligence;2;1
410;IMPLEMENTASI DATA MINING UNTUK PENCARIAN POLA DATA GANGGUAN JARINGAN TELKOM STO ANTANG MENGGUNAKAN METODE APRIORI DAN GENERALIZED RULE INDUCTION;Artificial Intelligence;2;1
411;PERANCANGAN APLIKASI ABSENSI MAHASISWA DENGAN PENGENALAN WAJAH MENGGUNAKAN ALGORITMA HAARCASCADE PADA KULIAH DARING SECARA VIRTUAL;Artificial Intelligence;2;1
412;APLIKASI AUGMENTED REALITY PADA PEMBELAJARAN PENGENALAN ALAT MUSIK DI SEKOLAH DASAR MENGGUNAKAN METODE MARKER BASED TRACKING;Artificial Intelligence;2;1
413;PERANCANGAN SISTEM PENDUKUNG KEPUTUSAN PEMILIHAN HOTEL DI KOTA MAKASSAR MENGGUNAKAN METODE ELKTRE BERBASIS WEB;Artificial Intelligence;2;1
414;PERANCANGAN PERANGKAT LUNAK PENGELOLAAN KEUANGAN MASJID JAMI'NURUL MU'MININ BERBASIS WEB;Optimasi Database;3;1
415;PERANCANGAN SISTEM INFORMASI PENGELOLAAN ANGGARAN BERBASIS WEB PADA PONPES NURUL IKHWAN;Optimasi Database;3;1
416;PERANCANGAN APLIKASI PENJUALAN ALAT KESEHATAN PADA BURSA BUKU DAN ALAT KEDOKTERAN AESCULAPIUS BERBASIS MOBILE;E-Commerce;3;1
417;PENERAPAN DATA MINING MENGGUNAKAN ALGORITMA C45 DALAM MENENTUKAN POLA PEMBELIAN PAKAIAN SYAR'I YANG TERJUAL;Artificial Intelligence;2;1
418;IMPLEMENTASI BASIS DATA TERDISTRIBUSI PADA KETERSEDIAAN RUANGAN ISOLASI COVID 19 PADA RUMAH SAKIT DI KOTA MAKASSAR;Sistem Terdistribusi (Web Service);2;1
419;PERANCANGAN APLIKASI PEMESANAN JASA TOUR GUIDE DAN PENGENALAN OBJEK WISATA DI SULAWESI SELATAN BERBASIS ANDROID;Sistem Terdistribusi (Web Service);2;1
420;IMPLEMENTASI WARUNG PINTAR BERBASI WEB MENGGUNAKAN ALGRITMA SORTING;Sistem Terdistribusi (Web Service);2;1
421;Implementasi Text mining pada media sosial Penentuan Makanan Tradisional Luwu Paling Laris di Makasar;Data Mining;1;1
422;Sistem Pelaporan Gangguan Jaringan Teelkom Dengan MEtode Apriori dan Generalized Rule Induction berbasis web;Data Mining;1;1
423;Sistem Pendukung Keputusan Penerima Bantuan Dampak Covid 19 Dengan Perbandingan Metode Analytical Hierachy Process (AHP) dan K-Means;Sistem Pendukung Keputusan;1;1
424;Penerapan Data mining pada Elearning untuk Mengukur Tingkat Pemahaman Mahasiswa dengan Algoritma Learning Vector Quantization;Data Mining;1;1
425;Perancangan Sistem Otomatisasi Persuratan Digital Dengan QRCode Otentikasi Berbasis Webservice;Keamanan Komputer dan Informasi;1;1
426;Implementasi APlikasi Android Kamus Bahasa Wolio Dengan metode Algoritma Raita;Data Mining;1;1
427;Implementasi Data mining dalam Menentukan Pola Pembelian Pakaian Muslim Menggunakan Naive Bayes Berbasis Web;Data Mining;1;1
428;Penerapan Metode Naive Bayes Penentuan Beasiswa Untuk Siswa Berprestasi Berbasis Web;Data Mining;1;1
429;SISTEM KLASIFIKASI DATA PENJUALAN SUKU CADANG UNTUK MENENTUKAN POLA PEMBELIAN HANDPHONE MENGGUNAKAN METODE NAÏVE BAYES;Artificial Intelligence;2;1
430;ANALISIS SENTIMEN KREDIT ONLINE PADA SOSIAL MEDIA TWITTER MENGGUNAKAN METODE LEXICON BASED;Artificial Intelligence;2;1
431;PERANCANGAN GPS TRACKER PADA HEWAN PELIHARAAN MENGGUNAKAN MIKROKONTROLER ARDUINO;Intelligent System and Control/IoT;2;1
432;PERANCANGAN SISTEM EVAKUASI DAN PEMBELAJARAN SISWA BERBASIS CLIENT-SERVER;Sistem Terdistribusi (Web Service);2;1
433;Sistem Pakar Diagnosa Kerusakan Transmisi Pada Motor dengan Metode Dempster Shafer Berbasis Web;Data Mining;1;1
434;Penerapan Metode K_Nearest Neighbor Dalam Penerapan Bantuan Bidikmisi Mahasiswa Pada Universitas Dipa Makassar;Data Mining;1;1
435;Perancangan Aplikasi Booking Service mobil dan spare part berbasis web;Sistem Terdistribusi (Web Service);2;1
436;Perancangan Sistem pengaduan Layanan Pendidikan Dengan Metode Term Frequency — Inverse Document Frequency (TF-IDF) Berbasis Android;Data Mining;1;1
437;Implementasi Metode Case-Based Reasoning dan Certainty Factor untuk Diagnosis dini masalah stunting Anak;Data Mining;1;1
438;Perancangan APlikasi Tracer Study Alumni Undipa dengan Visualisasi MPAndroid Chart Berbasis Android;Sistem Terdistribusi (Web Service);2;1
439;Perancangan Aplikasi Smart Service Kendaraan Berbasis Mobile DI PT. Indomarco Prismatama;E-Commerce;1;1
440;Sistem Penentuan Kelayakan Limbah Bahan Berbahaya dan Beracun (B3) Dengan Metode Classification And Regression (CART) Berbasis Web;Data Mining;1;1
441;Pengembangan Aplikasi Monitoring Dan Kontrol Smarthome Berbasis Android Terintegrasi Bot Telegram Sebagai Notifikasi;Intelligent System and Control/IoT;2;1
442;Implementasi Penyiram Tanaman dan Pemberian Pupuk Otomatis Pada Tanaman Bawang merah Berbasis Android;Intelligent System and Control/IoT;2;1
443;Implementasi Hybrid Scheme Menggunakan Algoritma Twofish Rebalanced CRT Rivest-Shamir-Adleman Pada Keamanan Data berbasis Android;Keamanan Komputer dan Informasi;2;1
444;Perancangan Aplikasi Pengaduan layanan Dengan Algoritma Quick short berbasis android;Sistem Terdistribusi (Web Service);2;1
445;Implementasi Aplikasi Pengelolaan Data Travel Umroh dan Haji Berbasis Mobile;Sistem Terdistribusi (Web Service);2;1
446;Implementasi Metode Multi - Attribute Border Approximation Area Comparison Pada Sistem Penunjang Keputusan Penentuan Bibit Sapi Unggul Berbasis Web;Sistem Pendukung Keputusan;1;1
447;Perancangan Aplikasi Pelayanan Pernikahan Berbasis Android Pada Kantor Urusan Agama (KUA) Kecamatan Pulau Haruku;Sistem Terdistribusi (Web Service);1;1
448;Perancangan Sistem Pendukung Keputusan Distribusi Bantuan Pertanian Dengan Metode Preference Selection Index Berbasis Web;Sistem Pendukung Keputusan;1;1
449;Penerapan Aplikasi Pengajuan Sengketa Informasi dan Jadwal Sidang Sengketa Informasi Berbasis Mobile;Sistem Terdistribusi (Web Service);2;1
450;Sistem Prediksi Penjualan PRoduk Olahan Beku Menggunakan Metode Classification And Regression Trees Berbasis Web;Data Mining;1;1
451;APLIKASI MOBILE CROSS PLATFORM UNTUK PEMUSATAN AKSES INFORMASI KAJIAN ISLAM YANG TERINTEGRASI DENGAN GOOGLE MAPS;Sistem Terdistribusi (Web Service);2;1
452;PERANCANGAN SISTEM PUSAT INFORMASI LOWONGAN PEKERJAAN MENGGUNAKAN WEB SCRAPING BERBASIS WEB;Sistem Terdistribusi (Web Service);2;1
453;PENERAPAN ANALISIS SENTIMEN PADA ULASAN GOOGLE PLAY APLIKASI MOBILE PEDULILINDUNGI MENGGUNAKAN METODE K-NEAREST NEIGHBOR;Artificial Intelligence;2;1
454;SISTEM MONITORING DAN EVALUASI KINERJA PADA KANTOR PENGADILAN NEGERI MAKASSAR BERBASIS WEB SERVICE;Sistem Terdistribusi (Web Service);2;1
455;SISTEM TANGGAP DARURAT PROBLEM JARINGAN DAN BACKUP ROUTE GATEWAY PT. SYNERGY UTILITY NETWORK MENGGUNAKAN VRRP DENGAN NETWACTH PADA ROUTER;Perancangan dan Optimasi Jaringan Komputer;2;1
456;IMPLEMENTASI WEB SERVICE SEBAGAI LAYANAN INFORMASI TERPUSAT DI ORGANISASI MASYARAKAT NON PROFIT;Sistem Terdistribusi (Web Service);2;1
457;PERANCANGAN APLIKASI PENDETEKSI PLAT NOMOR KENDARAAN KADALUARSA MENGGUNAKAN IMAGE PROCESSING;Artificial Intelligence;2;1
458;PERANCANGAN ALARM GETAR BERBASIS ARDUINO UNO TANPA GELOMBANG ELEKTROMAGNETIK BAGI DISABILITAS TUNA TUNGU;Intelligent System and Control/IoT;2;1
459;SIMULASI OPTICAL CHARACTER RECOGNITION (OCR) PADA KENDARAAN BERMOTOR UNTUK VERIFIKASI KEHILANGAN STRUK PARKIR;Artificial Intelligence;2;1
460;RANCANG BANGUN APLIKASI PENCARIAN DAN PEMESANAN JASA MAKEUP ARTIS BERBASIS WEB SERVICE;Sistem Terdistribusi (Web Service);2;1
461;IMPLEMENTASI CHRONOLOGY SYSTEM DALAM PERANCANGAN PENGELOLAAN PEMINJAMAN DAN INVENTARIS BARANG PADA KANTOR WALIKOTA MAKASSAR DI BIDANG ASET BERBASIS WEB;Sistem Terdistribusi (Web Service);2;1
462;IMPLEMENTASI METODE DBSCAN UNTUK MEMETAKAN SEBARAN PENYAKIT GIGI DAN MULUT DI KOTA MAKASSAR;Artificial Intelligence;2;1
463;PERANCANGAN APLIKASI PELAPORAN DUGAAN PELANGGARAN PEMILU PADA BAWASLU PROVINSI SULAWESI SELATAN BERBASIS WEB SERVICE;Sistem Terdistribusi (Web Service);2;1
464;PERANCANGAN APLIKASI KEAMANAN DATA FILE TEKS MENGGUNAKAN ALGORITMA RIVEST CODE 2 (RC2);Keamanan Komputer dan Informasi;2;1
465;IMPLEMENTASI HIERARCHIAL CLUSTERING PADA APLIKASI REKOMENDASI LAPTOP BERBASIS WEB;Artificial Intelligence;2;1
466;PERANCANGAN SIMULASI TEST PAULI UNTUK MENGUJI TINGKAT KONSISTENSI MENGGUNAKAN ALGORITMA FISHER YATES SHUFFLE BERBASIS ANDROID;Artificial Intelligence;2;1
467;ANALISIS KORELASI SENTIMEN DAN TOPIK LIRIK TERHADAP POPULARITAS LAGU MENGGUNAKAN NATURAL LANGUAGE PROCESING;Artificial Intelligence;2;1
468;PERANCANGAN APLIKASI PEMESANAN MENU MAKANAN BERBASIS WEB MENGGUNAKAN QR CODE PADA RESTORAN MALEBBIE KABUPATEN BONE;Sistem Terdistribusi (Web Service);2;1
469;SISTEM SELEKSI MANAJER MENGGUNAKAN ALGORITMA ADDITIVE RATIO ASSESMENT (ARAS) BERBASIS WEB;Artificial Intelligence;2;1
470;PERANCANGAN ALAT MONITORING KARBON DIOKSIDA (CO2) PADA RUANGAN BERBASIS ARDUINO;Intelligent System and Control/IoT;2;1
471;PEMBUATAN APLIKASI ICARE AMBULANCE DALAM MANAJEMEN AMBULANCE BERBASIS WEB SERVICE;Sistem Terdistribusi (Web Service);2;1
472;PERANCANGAN GAME EDUKASI PEMBELAJARAN SOAL ARITMATIKA SEKOLAH DASAR MENGGUNAKAN ALGORITMA FISHER-YATES SHUFFLE BERBASIS ANDROID;Artificial Intelligence;2;1
473;SISTEM PENDUKUNG KEPUTUSAN MENENTUKAN PRODUK PERLENGKAPAN BAYI TERLARIS DENGAN METODE VISEKRITERIJUMSKO KOMPROMISNO RANGIRANJE BERBASIS WEB;Sistem Pendukung Keputusan;1;1
474;PENGEMBANGAN SISTEM TERINTEGRASI PADA PENGELOLLAN DATA PEGAWAI BERBASIS WEB;Sistem Terdistribusi (Web Service);1;1
475;IMPLEMENTASI METODE AHP DAN SAW UNTUK MENGUKUR TINGKAT PELAYANAN PADA PUSKESMAS PAMBOANG BERBASIS WEB;Sistem Pendukung Keputusan;1;1
476;PERANCANGAN APLIKASI LAYANAN KEPEGAWAIAN DAERAH PEMROV. SULSEL BERBASIS JARINGAN WLAN MENGGUNAKAN INFRASTRUKTUR AD-HOC;Perancangan dan Optimasi Jaringan Komputer;2;1
477;IMPLEMENTASI MODSECURITY DAN REVERSE PROXY UNTUK PENCEGAHAN DDoS ATTACK PADA WEB SERVER;Keamanan Komputer dan Informasi;2;1
478;PERANCANGAN INFORMATION RETRIEVER (IR) MENGGUNAKAN METODE GENERALIZED VECTOR SPACE MODEL (SVM);Artificial Intelligence;2;1
479;PERANCANGAN APLIKASI PENGACAKAN SOAL UJIAN SEMESTER MENGGUNAKAN METODE LINEAR CONGRUENT;Artificial Intelligence;2;1
480;PREDIKSI JUMLAH CALON MAHASISWA BARU MENGGUNAKAN METODE FUZZY LOGIC;Artificial Intelligence;2;1
481;PERANCANGAN SENTRA PELAYANAN KEPOLISIAN TERPADU (SPKT) MENGGUNAKAN WEB SERVICE;Sistem Terdistribusi (Web Service);2;1
482;PERANCANGAN TEMPAT SAMPAH PINTAR MENGGUNAKAN TELEGRAM MESSENGER BOT;Intelligent System and Control/IoT;2;1
483;PENERAPAN SISTEM PELAYANAN ADMINISTRASI TERPADU (PATEN) BERBASIS WEB PADA KANTOR KECAMATAN POLEWALI;Sistem Terdistribusi (Web Service);1;1
484;IMPLEMENTASI METODE FUZZY TSUKAMOTO UNTUK DETEKSI STUNTING PADA BALITA BERBASIS WEB;Artificial Intelligence;1;1
485;PENERAPAN APLIKASI E-LEARNING UNTUK PUSTAWAN DAN GoLib pada CV Perpustakawan Indonesia Timur Berbasis Web;E-Bisnis;1;1
486;SISTEM REKOMENDASI PERAWATAN WAJAH BERDASARKAN JENIS KULIT MENGGUNAKAN METODE CERTAINTY FACTOR BERBASIS WEB;Sistem Pendukung Keputusan;1;1
487;PERANCANGAN APLIKASI MANAJEMEN PEMELIHARAAN ALAT BONGKAR MUAT BERBASIS WEB PADA PT. PELINDO (PERSERO) CABANG MNP;E-Bisnis;1;1
488;PERBANDINGAN ALGORITMA K-MEANS DAN NAIVE BAYES DALAM KLASIFIKASI KARAKTERISTIK KEPRIBADIAN SISWA BERBASIS WEB;Data Mining;1;1
489;PENERAPAN APLIKASI PENGELOLAAN KEUANGAN PADA PT. TIGA BINTANG GRIYASARANA BERBASIS WEB;E-Bisnis;1;1
490;EVALUASI MEDIA INFORMASI DALAM MELAKUKAN PENCARIAN LOKASI TEMPAT SERVICE ELEKTRONIK;Sistem Pendukung Keputusan;1;1
491;PENERAPAN SISTEM PENGAJUAN IZIN PENELITIAN BERBASIS WEB PADA BADAN KESATUAN DAN POLITIK KOTA MAKASSAR;Sistem Terdistribusi (Web Service);1;1
492;IMPLEMENTASI METODE ADDITIVE RATIO ASSESSMENT (ARAS) PADA PEMBERIAN INSENTIF DI RAMAYANA PANAKUKANG BERBASIS WEB;Sistem Pendukung Keputusan;1;1
493;IMPLEMENTASI DAN INTEGRASI SISTEM INFORMASI PELAPORAN PADA PERUM DAMRI MAKASSAR BERBASIS WEB;E-Bisnis;1;1
494;PENERAPAN METODE ANALYTICAL HIERARCHY PROCESS PADA EVALUASI TATA KELOLA TEKNOLOGI INFORMASI BERBASIS WEB;Sistem Pendukung Keputusan;1;1
495;IMPLEMENTASI SISTEM KONTROL KEAMANAN SEPEDA MOTOR BERBASIS INTERNET OF THINGS INTEGRASI KOMUNIKASI SELULER MENGGUNAKAN REPORT ACTIVITY PADA ANDROID;Intelligent System and Control/IoT;2;1
496;IMPLEMENTASI DATA MINING PADA PENENTUAN JUDUL BUKU YANG BANYAK TERJUAL DENGAN ALGORITMA FP-GROWTH BERBASIS WEB;Artificial Intelligence;2;1
497;PERANCANGAN SISTEM PENCARIAN ISTILAH MEDIS DENGAN SPEECH RECOGNITION DAN METODE LINEAR SEARCH BEBRBASIS WEB;Artificial Intelligence;2;1
498;PROTOTYPE SISTEM MONITORING DAN PENGENDALIAN KUALITAS AIR PADA PEMBUDIDAYAAN IKAN CUPANG BERBASIS MIKROKONTROLER;Intelligent System and Control/IoT;2;1
499;MANAJEMEN DISTRIBUSI BANDWIDTH JALUR KONEKSI INTERNET DENGAN METODE PCC LOAD BALANCE DAN PROXY SERVER PADA RSU THALIA IRHAM GOWA;Perancangan dan Optimasi Jaringan Komputer;2;1
500;ANALISIS PERBANDINGAN PENERAPAN PERFORNAMCE ROUTING (PFR) DAN POLICY BASED ROUTING (PBR) PADA JARINGAN LOAD BALANCING;Perancangan dan Optimasi Jaringan Komputer;2;1
501;RANCANG BANGUN APLIKASI PENYEDIAAN JASA TENAGA KERJA (Studi Kasus : PT. DHARMA AGUNG MAKMUR) BERBASIS WEB SERVICE;Sistem Terdistribusi (Web Service);2;1
502;SISTEM PAKAR DETEKSI KERUSAKAN MESIN POMPA AIR MENGGUNAKAN METODE DEMSTER SHAFER BERBASIS ANDROID;Artificial Intelligence;2;1
503;APLIKASI PENGELOLAAN WISATAWAN DAN PENGENALAN OBJEK WISATA SULAWESI SELATAN BERBASIS WEB SERVICE;Sistem Terdistribusi (Web Service);2;1
504;PERANCANGAN GAME EDUKASI SEJARAH KERAJAAAN ISLAM MALUKU SEBAGAI MEDIA PEMBELAJARAN BERBASIS WEB;Artificial Intelligence;2;1
505;RANCANG BANGUN SISTEM JARINGAN MENGGUNAKAN MIKROTIK PADA DESA TARENGGE KECAMATAN WOTU KABUPATEN LUWUK TIMUR;Perancangan dan Optimasi Jaringan Komputer;2;1
506;PERANCANGAN APLIKASI PENYIMPANAN DAN PENCARIAN BERKAS MENGGUNAKAN ALGORITMA KMP BERBASIS WEB PADA DINAS PARIWISATA KOTA MAKASSAR;Sistem Terdistribusi (Web Service);2;1
507;SISTEM KEAMANAN RUANG PRIVATE DENGAN PENGUNCIAN HYBRID BERBASIS ESP32 DAN ANDROID;Intelligent System and Control/IoT;2;1
508;PERANCANGAN APLIKASI ARSIP INDUK LANGGANAN (AIL) PADA UNIT LAYANAN PELANGGAN PT. PLN (PERSERO) RAYON PANAKKUKANG;Sistem Terdistribusi (Web Service);2;1
509;PERANCANGAN APLIKASI UNTUK REKOMENDASI TIPE MOTOR CALON PELANGGAN DENGAN METODE PREFERENCE SELECTION INDEX BERBASIS WEB SERVICE;Sistem Pendukung Keputusan;2;1
510;ANALISI FAKTOR PEMILIHAN APLIKASI MEDIA SOSIAL APADA KALANGAN REMAJA DENGAN METODE FUZZY - AHP;Artificial Intelligence;2;1
511;IMPLEMENTASI DATA MINING PENYEBAB MENURUNNYA MINAT BELAJAR SISWA DENGAN METODE NAIVE BAYES;Artificial Intelligence;2;1
512;IMPLEMENTASI DATA MINING UNTUK MENINGKATKAN PENJUALAN DENGAN ALGORITMA HASH-BASED PADA TOKO KRISNA MART;Artificial Intelligence;2;1
513;PERANCANGAN APLIKASI PEMANTAUAN PAJAK KENDARAAN DINAS BERBASIS WEB DI DINAS PEKERJAAN UMUM KOTA MAKASSAR DENGAN METODE BUBBLE SORT;Sistem Terdistribusi (Web Service);2;1
514;PERANCANGAN APLIKASI INVENTORY CONTROL DI BALAI BESAR KARANTINAN PERTANIAN MENGGUNAKAN ALGORITMA NAIVE BAYES BERBASIS WEB;Artificial Intelligence;2;1
515;PERANCANGAN DAN PEMBUATAN APLIKASI RENUNGAN DAN TATA IBADAH GEREJA HURIA KRISTEN BATAK INDONESIA MAKASSAR BERBASIS WEB SERVICE;Sistem Terdistribusi (Web Service);2;1
516;RANCANG BANGUN APLIKASI PEMBELAJARAN AGAMA ISLAM UNTUK ANAK USIA DINI BERBBASIS WEB;Sistem Terdistribusi (Web Service);2;1
517;IMPLEMENTASI ALGORITMA K-MEANS UNTUK APLIKASI PENGENALAN KARAKTERISTIK TRANSAKSI CUSTOMER BERBASIS WEB PADA ALFAMART;Data Mining;1;1
518;PERANCANGAN APLIKASI PEMILIHAN JENIS IKAN KOI DENGAN METODE RANDOM FOREST BERBASIS WEB;Sistem Pendukung Keputusan;1;1
519;APLIKASI RESPONSIVITAS PERBAIKAN JALAN RUSAK DENGAN METODE PERBANDINGAN EKSPONENSIAL BERBASIS WEB;Sistem Pendukung Keputusan;1;1
520;APLIKASI SISTEM PENDUKUNG KEPUTUSAN PENERIMA BEASISWA BERBASIS WEB DENGAN METODE ANALYTICAL HIERARCHY PROCESS (AHP) DAN WEIGHT PRODUCT;Sistem Pendukung Keputusan;1;1
521;PENERAPAN APLIKASI PENILAIAN PELAKSANAAN DIKLAT BERBASIS WEB DENGAN METODE RATING SCALE PADA BALAI DIKLAT INDUSTRI MAKASSAR;Sistem Pendukung Keputusan;1;1
522;APLIKASI PENCARIAN LOKASI TERDEKAT MAKANAN KHAS MAKASSAR SECARA REAL TIME DENGAN METODE ALGORITMA DIJKSTRA;E-Bisnis;1;1
523;SISTEM PENDUKUNG KEPUTUSAN PENENTUAN PENERIMAAN BANTUAN SOSIAL MENGGUNAKAN METODE PREFERENCE SELECTION INDEX BERBASIS WEB;Sistem Pendukung Keputusan;1;1
524;PERANCANGAN APLIKASI LAYANAN APOTEK ASSYIFA MEDIKA BERBASIS ANDROID;E-Bisnis;1;1
525;PENERAPAN METODE GEOFENCING UNTUK APLIKASI ABSENSI BERBASIS ANDROID;Sistem Terdistribusi (Web Service);1;1
526;ANALISIS WEBSITE BERITA ONLINE DI SULAWESI SELATAN MENGGUNAKAN METODE USABILITY TESTING DENGAN HEURISTIC EVALUTION;Data Analyst;1;1
527;RANCANG BANGUN GAME EDUKASI BAHASA PEMROGRAMAN JAVA MENGGUNAKAN PYGAME;Artificial Intelligence;2;1
528;PEMBUATAN APLIKASI TANGGAP DARURAT SECARA REAL TIME BERBASIS WEB SERVICE;Sistem Terdistribusi (Web Service);2;1
529;ANALISIS PENYEBAB GANGGUAN JARINGAN KOMPUTER PADA KANTOR POLDA SULAWESI SELATAN;Perancangan dan Optimasi Jaringan Komputer;2;1
530;IMPLEMENTASI ALGORITMA GREEDY PENENTUAN RUTE TERDEKAT PENGIRIMAN KOPI SETIA ANTAR WARUNG KOPI DI KOTA MAKASSAR BERBASIS MOBILE;Artificial Intelligence;2;1
531;PERANCANGAN APLIKASI PENENTUAN LOKASI UKM INTERNAL DAN EKSTERNAL MENGGUNAKAN ALGOTIRMA SEMUT DI UNIVERSITAS DIPA MAKASSAR BERBASIS ANDROID;Artificial Intelligence;2;1
532;PERANCANGAN APLIKASI KLASIFIKASI KUALITAS BAWANG MENGGUNAKAN METODE DEEPLEARNING NEURAL NETWORKS;Artificial Intelligence;2;1
533;APLIKASI WARTA JEMAAT GPDI EL-SADDAI MAKASSAR BERBASIS BEB SERVICE MENGGUNAKAN ALGORITMA GENETIKA;Artificial Intelligence;2;1
534;RANCANG BANGUN SISTEM INFORMASI ASTROLOGI UNTUK KEGIATAN ADAT BUGIS BERBASIS WEB;Sistem Terdistribusi (Web Service);2;1
535;PERANCANGAN PROTOTIPE ALAT HITUNG BELANJA OTOMATIS PADA TROLI MENGGUNAKAN ARDUINO;Intelligent System and Control/IoT;2;1
536;APLIKASI PENYEDIA JASA PELAYANAN SERVICE AIR CONDITIONER (AC) BERBASIS WEB SERVICE;Sistem Terdistribusi (Web Service);2;1
537;PERANCANGAN ALAT SORTASI KEMATANGAN BUAH ALPUKAT MENGGUNAKAN SENSOR TCS3200;Intelligent System and Control/IoT;2;1
538;RANCANG BANGUN APLIKASI KATALOG AUGMENTED REALITY DESAIN SETUP RUANG KERJA MINIMALIS BERBASIS ANDROID;Artificial Intelligence;2;1
539;APLIKASI PENDATAAN KELEBIHAN JAM MENGAJAR (KJM) WIDYAISWARA PADA KANTOR BALAI DIKLAT KEAGAMAAN MAKASSAR BERBASIS WEB;Sistem Terdistribusi (Web Service);2;1
540;VISUALISASI 3D INTERAKTIF DESAIN ARSITEKTUR PERPUSTAKAAN PROVINSI SULAWESI SELATAN MENGGUNAKAN APLIKASI UNITY3D DAN SKETCHUP;Intelligent System and Control/IoT;2;1
541;SIMULASI PENERAPAN EDGE DETECTION (PENDETEKSI TEPI) MENGGUNAKAN ALGORITMA CANNY UNTUK MONITORING PERTUMBUHAM KELAPA SAWIT;Artificial Intelligence;2;1
542;PENGGUNAAN DATA MINING DENGAN ALGORITMA GENERAL REGRESSION NEURAL NETWORK (GRNN) UNTUK PREDIKSI PENJUALAN KACA;Artificial Intelligence;2;1
543;APLIKASI PEMBELAJARAN BAHASA ISYARAT DAN EVALUASI BERBASIS ANDROID;Artificial Intelligence;2;1
544;PENERAPAN DATA MINING UNTUK PREDIKSI KUALITAS SPERMA DENGAN MEDOTE NAÏVE BAYES BERBASIS WEB;Artificial Intelligence;2;1
545;SIMULASI PENERAPAN ARSITEKTUR MICROSERVICES UNTUK SISTEM ABSENSI SISWA BERBASIS QR CODE;Sistem Terdistribusi (Web Service);2;1
546;SIMULASI IMPLEMENTASI METODE SUPPORT VECTOR MACHINE (SVM) UNTUK KLASIFIKASI PENYAKIT AUTISME PADA TUMBUH KEMBANG ANAK;Artificial Intelligence;2;1
547;IMPLEMENTASI RESTFULL WEB SERVICE PADA APLIKASI PERSEDIAAN DAN PEMESANAN PAKAN TERNAK;Sistem Terdistribusi (Web Service);2;1
548;IMPLEMENTASI INTERNET of THINGS UNTUK TELECONTROL JEMURAN OTOMATIS MENGGUNAKAN TELEGRAM MESSENGER BOT DAN NODEMCU ESP8266;Intelligent System and Control/IoT;2;1
549;IMPLEMENTASI SISTEM PAKAR UNTUK MENDETEKSI JENIS NARKOBA YANG DIKONSUMSI DENGAN METODE NAÏVE BAYES BERBASIS WEB;Artificial Intelligence;2;1
550;PERANCANGAN APLIKASI REKOMENDASI JURUSAN BAGI CALON MAHASISWA BERDASARKAN NILAI UAS MENGGUNAKAN FUZZY TSUKAMOTO;Artificial Intelligence;2;1
551;PERANCANGAN APLIKASI KOPERASI SIMPAN PINJAM PADA KSP HOKI PRATAMA SYARIAH BERBASIS WEB DENGAN METODE K-NEAREST NEIGHBOR;E-Bisnis;1;1
552;PERANCANGAN SISTEM PENUNJANG KEPUTUSAN PENILAIAN KEPALA SEKOLAH PADA DINAS PENDIDIKAN KAB. TANA TORAJA MENGGUNAKAN METODE MULTI FACTOR EVALUTION PROCESS;Sistem Pendukung Keputusan;1;1
553;PENERAPAN APLIKASI KEPUASAN PENGGUNA PLN MOBILE MENGGUNAKAN METODE K-NEAREST NEIGHBOR PADA PT. PLN (PERSERO) UIKL SULAWESI;Data Mining;1;1
554;PENERAPAN APLIKASI CUSTOMER RELATIONSHIP MANAGEMENT (CRM) BERBASIS WEB PADA CITRA COSMETIC;E-Bisnis;1;1
555;PENERAPAN APLIKASI PENATA LAYANAN PADA GEREJA TORAJA JEMAAT TAMALANREA BERBASIS MOBILE;Sistem Terdistribusi (Web Service);1;1
556;PERANCANGAN APLIKASI PESAN ONLINE DELIVERY BERBASIS ANDROID MENGGUNAKAN LOCATION BASED SERVICE;E-Bisnis;1;1
557;SISTEM PAKAR DIAGNOSA PENYAKIT MATA MENGGUNAKAN METODE CERTAINTY FACTOR BERBASIS WEB;Sistem Pendukung Keputusan;1;1
558;APLIKASI NOTIFIKASI PERINGATAN DINI MAHASISWA UNIVERSITAS DIPA MAKASSAR BERBASIS WEB;Sistem Terdistribusi (Web Service);1;1
559;PERANCANGAN SISTEM ABSENSI DIGITAL MENGGUNAKAN TEKNOLOGI NFC ( NEAR FIELD COMMUNICATION ) BERBASIS ANDROID;Sistem Terdistribusi (Web Service);1;1
560;PENGEMBANGAN APLIKASI SISTEM MONITORING PELAKSANA ANGGARAN PADA BIDANG PEMBINAAN PELAKSANAAN ANGGARAN I ( PPA I) KANWIL DJPb BERBASIS ANDROID;E-Bisnis;1;1
561;PERANCANGAN SISTEM PENDETEKSI SLOT PARKIR TERINTEGRASI DENGAN APLIKASI DESKTOP BERBASIS IOT;Intelligent System and Control/IoT;2;1
562;IMPLEMENTASI ALGORITMA DJIKSTRA UNTUK MENGUKUR JARAK LOKASI WISATA DI KABUPATEN KEPULAUAN SELAYAR BERBASIS ANDROID;Artificial Intelligence;2;1
563;SISTEM PENUNJANG KEPUTUSAN PENILAIAN KARYAWAN PT. PRIMA ABADI MIGAS DENGAN METODE SMART;Sistem Pendukung Keputusan;2;1
564;DYNAMIC MESSAGE REPLY WHATSAPP API MENGGUNAKAN Node JS TERINTEGRASI DENGAN DATABASE My SQL;Sistem Terdistribusi (Web Service);2;1
565;PERANCANGAN SISTEM INFORMASI GEOGRAFIS ARE PENYANDANG DISABILITAS DI KOTA MAKASSAR BERBASIS WEB;Sistem Terdistribusi (Web Service);2;1
566;PENERAPAN ALGORITMA SAW DALAM PERENGKINGAN ANGGOTA PRAMUKA UNTUK DELEGASI KWARTIR RANTING TOMPOBULU PADA JAMBORE CABANG;Sistem Pendukung Keputusan;2;1
567;IMPLEMENTASI E-SERVIS BERBASIS WEB DI GATGET CARE MENGGUNAKAN ALGORITMA BUBBLE SORT;Sistem Terdistribusi (Web Service);2;1
568;PERANCANGAN APLIKASI PENANGANAN KELUHAN MENGGUNAKAN ALGORITMA CASE-BASED REASONING (CBR) PADA PUSKESMAS ANTARA BERBASIS WEB SERVICE;Artificial Intelligence;2;1
569;PERANCANGAN APLIKASI SISTEM PENDUKUNG KEPUTUSAN PEMILIHAN UNIT PERUMAHAN MENGGUNAKAN METODE SIMPLE ADDITIVE WEIGHTING BERBASIS WEB;Sistem Pendukung Keputusan;2;1
570;PERANCANGAN APLIKASI PENGELOLAAN NILAI TUGAS DAN UJIAN SISWA BERBASIS WEB SERVICE MENGGUNAKAN ALGORITMA BOYER-MOORE;Sistem Terdistribusi (Web Service);2;1
571;SISTEM PAKAR DIAGNOSIS PENYAKIT SENDI DAN TULANG DENGAN METODE CASE BASED REASONING DAN CERTAINTY FACTOR BERBASIS WEB;Sistem Pendukung Keputusan;1;1
572;PERANCANGAN & IMPLEMENTASI ALGORITMA ELGAMAL PADA SISTEM PENGAMAN DATA REKAM MEDIS DI PUSKESMAS SA'DAN MALIMBONG;Keamanan Komputer dan Informasi;2;1
573;SISTEM KLASIFIKASI KARAKTER KEPRIBADIAN SISWA SEKOLAH DASAR BERDASARKAN TIPOLOGI HIPPOCRATES GALENUS MENGGUNAKAN METODE NAIVE BAYES;Artificial Intelligence;2;1
574;SISTEM PENANGANAN TUNGGAKAN PEMBAYARAN PENYEWAAN TOKO PADA MALL MTOS DENGAN ALGORITMA CASE BASED REASONING (CBR);Artificial Intelligence;2;1
575;PERANCANGAN APLIKASI PENGANGKATAN KARYAWAN KONTRAK MENJADI KARYAWAN TETAP MENGGUNAKAN METODE PROFILE MATCHING;Sistem Pendukung Keputusan;2;1
576;PERANCANGAN APLIKASI PROMOSI PARIWISATA BERBASIS WEB SERVICE PADA KABUPATEN BIAK NUMFOR;Sistem Terdistribusi (Web Service);2;1
577;PERANCANGAN SISTEM PENDUKUNG KEPUTUSAN PENILAIAN KINERJA PEGAWAI MENGGUNAKAN METODE MULTI ATTRIBUTE UTILITY THEORY PADA PG ARASOE;Sistem Pendukung Keputusan;2;1
578;PERANCANGAN APLIKASI AKTIIVITAS MAHASISWA MAGANG BERBASIS WEB SERVICE : Studi Kasus BPJS Ketenagakerjaan Cabang Makassar;Sistem Terdistribusi (Web Service);2;1
579;PERANCANGAN DAN PEMBUATAN APLIKASI PERCEPATAN PROSES PRODUKSI INFORMASI DI DISKOMINFO SULSEL BERBASIS WEB;Sistem Terdistribusi (Web Service);2;1
580;PERANCANGAN APLIKASI ENKRIPSI DESKRIPSI FILE TEKS MENGGUNAKAN KRIPTOGRAFI CAESAR CIPHER;Keamanan Komputer dan Informasi;2;1
581;PERANCANGAN SISTEM PELAYANAN ADMINISTRASI SURAT OTOMATIS PADA KANTOR DESA MEBALI BERBASIS WEB SERVICE;Sistem Terdistribusi (Web Service);2;1
582;PENDETEKSI SERANGAN BRUTE FORCE PADA KEAMANAN WEBSITE BERBASIS MOBILE;Keamanan Komputer dan Informasi;2;1
583;IMPLEMENTASI DATA MINING UNTUK KLASIFIKASI BARANG MINIMARKET DENGAN METODE ADABOOTS;Artificial Intelligence;2;1
584;IMPLEMENTASI ALGORITMA CLASSIFICATION AND REGRESSION TREES UNTUK PREDIKSI PENJUALAN PRODUK BUAH BERBASIS WEB;Artificial Intelligence;2;1
585;PEMBUATAN GAME EDUKASI PENGENALAN ANGKA DAN HURUF SEBAGAI MEDIA PEMBELAJARAN UNTUK SEKOLAH DASAR MENGGUNAKAN METODE LINEAR CONGRUENT METHOD (LCM) BERBASIS WEB;Artificial Intelligence;2;1
586;IMPLEMENTASI DATA MINING DENGAN ALGORITMA K-NEAREST NEIGHBORUNTUK KLASIFIKASI PINJAMAN PADA KOPERASI SIMPAN PINJAM;Artificial Intelligence;2;1
587;IMPLEMENTASI APLIKASI BERITA MENGGUNAKAN NEW API BERBASIS ANDROID;Sistem Terdistribusi (Web Service);1;1
588;ANALISIS PERBANDINGAN ALGORITMA BOYER-MOORE DAN BRUTE FORCE PADA SISTEM PENCARIAN ENSIKLOPEDIA PSIKOLOGI BERBASIS ANDROID;Data Mining;1;1
589;IMPLEMENTASI METODE FORWARD CHAINING DAN DEMPSTER SHAFERP PADA PENANGANAN DEMAM BERDARAH BERBASIS ANDROID;Sistem Pendukung Keputusan;1;1
590;PENERAPAN APLIKASI SISTEM RESERVASI PADA LAPANGAN FUTSAL DIMAKASSAR BERBASIS WEB;E-Bisnis;1;1
591;IMPLEMENTASI METODE LEAST SQUARE UNTUK PREDIKSI INVESTASI SAHAM BERBASIS WEB PADA PT DIDAMAX BERJANGKA;Data Mining;1;1
592;PENERAPAN METODE ELIMINATION ET CHOIX TRADUSIANT LA REALITE PADA SISTEM PENDUKUNG KEPUTUSAN PEMILIHAN KAMERA DSLR BERBASIS ANDROID;Sistem Pendukung Keputusan;1;1
593;APLIKASI E-LEARNING KESELAMATAN DAN KESEHATAN KERJA DENGAN METODE FISHER - YATES SHUFFLE BERBASIS ANDROID;E-Bisnis;1;1
594;APLIKASI PEMILIHAN JENIS TANAMAN OBAT DENGAN METODE NAIVE BAYES BERBASIS WEB;Sistem Pendukung Keputusan;1;1
595;IMPLEMENTASI ALGORITMA K-MEANS CLUSTERING DAN METODE WEIGHTED PRODUCT PADA PEMILIHAN KATEGORI KULINER;Data Mining;1;1
596;IMPLEMENTASI METODE GRADIENT DESCENT UNTUK PREDIKSI POTENSI KLAIM ASURANSI BERBASIS WEBSITE;Data Mining;1;1
597;IMPLEMENTASI METODE CERTAINTY FACTOR PADA SISTEM PAKAR UNTUK MENDIAGNOSA GANGGUAN MENTAL PADA REMAJA BERBASIS WEB;Sistem Pendukung Keputusan;1;1
598;DISTRIBUSI KONTEN DIGITAL PORTABEL MENGGUNAKAN OPEN WIRELESS ROUTER DAN WebDAV;Perancangan dan Optimasi Jaringan Komputer;2;1
599;PERANCANGAN APLIKASI MARKETPLACE CINDERAMATA KHAS BULUKUMBA BERBASIS WEB;E-Commerce;2;1
600;PENERAPAN ALGORITMA K-MEANS UNTUK CLUSTERING DATA KEMISKINAN MENGGUNAKAN ORANGE DATA MINING : Studi Kasus Kecamatan Manggala;Artificial Intelligence;2;1
601;IMPLEMENTASI ALGORITMA SIMPLE MULTI ATRIBUTE RATING TECHNIQUE PADA REKOMENADSI PEMILIHAN PEDAGANG BESAR FARMASI;Artificial Intelligence;2;1
602;IMPLEMENTASI ALGORITMA SIMPLE MULTI ATRIBUTE RATING TECHNIQUE DALAM PENENTUAN GAJI KARYAWAN JAHIT MANDIRI;Artificial Intelligence;2;1
603;PENERAPAN TEKNOLOGI QR CODE UNTUK AKSENSI SISWA BERBASIS WEB SERVICE;Sistem Terdistribusi (Web Service);2;1
604;PEMBUATAN ANIMASI 3D INTERKATIF PAKAIAN ADAT SULAWESI SELATAN BERBASIS ANDROID DENGAN MENGGUNAKAN METODE MARKERLESS AUGMENTED RAELITY;Artificial Intelligence;2;1
605;IMPLEMENTASI BARCODE SCANNER PADA INVENTORY TOKO OBAT BERKAH (CV. BERKAH MANDIRI PERKASA)BERBASIS DESKTOP;Sistem Terdistribusi (Web Service);2;1
606;PENERAPAN APLIKASI E-COMMERCE PADA PT. BAHARI INDONESIA;E-Commerce;1;1
607;MEDIA PLATFORM SYSTEM AUDIO MUSIC STREAMING BERBASIS WEB;Sistem Terdistribusi (Web Service);1;1
608;PERANCANGAN SISTEM PENUNJANG KEPUTUSAN PEMILIHAN DISTRIBUTOR SPRING BED MENGGUNAKAN METODE ORESTE;Sistem Pendukung Keputusan;1;1
609;PERANCANGAN PROTPTIPE PENDETEKSI LONGSOR MENGGUNAKAN SENSOR PIEZZOELEKTRIK BERBASIS MIKROKONTROLER;Intelligent System and Control/IoT;2;1
610;APLIKASI PREDIKSI TINGKAT KEKERASAN PEREMPUAN DAN ANAK MENGGUNAKAN METODE DOUBLE EXPONENTIAL SMOOTHING BERBASIS WEB;Artificial Intelligence;2;1
611;PERANCANGAN APLIKASI NOTIFIKASI  ABSENSI DAN NOTULEN RAPAT DENGAN TEKNOLOGI QR CODE BERBASIS WEB SERVICE;Sistem Terdistribusi (Web Service);2;1
612;EVALUASI DAN PENYEMPURNAAN ANTARMUKA APLIKASI SIAKA ONLINE UNIVERSITAS DIPA MAKASSAR BERBASIS WEB SERVICE;Sistem Terdistribusi (Web Service);2;1
613;APLIKASI KELAYAKAN PEMBUKAAN MINIMARKET ALFAMIDI BARU MENGGUNAKAN METODE TOPSIS DAN HAVERSINE BERBASIS PETA DIGITAL;Artificial Intelligence;2;1
614;ANALISA SISTEM PENDUKUNG KEPUTUSAN MENGGUNAKAN METODE ORESTE DAN BESSON-RAN UNTUK MENENTUKAN TOKO HANDPHONE TERBAIK;Artificial Intelligence;2;1
615;IMPLEMENTASI ALGORITMA FISHER-YATES SHUFFLE PADA SOAL KUIS DI APLIKASI BELAJAR BAHASA INGGRIS SD;Artificial Intelligence;2;1
616;IMPLEMENTASI METODE MULTI ATRIBUTE UTILITY THEORY (MAUT) PADA APLIKASI SISTEM PENDUKUNG KEPUTUSAN PENENTUAN TUNJANGAN KINERJA PEGAWAI;Artificial Intelligence;2;1
617;PERBANDINGAN METODE NAIVE BAYES DENGAN FORWARD CHAINING UNTUK DIAGNOSA DINI AUTISME PADA BALITA;Artificial Intelligence;2;1
618;SIMULASI MENGGUNAKAN PERANGKAT LOAD BALANCING DAN FAILOVER MENGGUNAKAN METODE PCC (PEER CONNECTION CLASSIFIER);Perancangan dan Optimasi Jaringan Komputer;2;1
619;RANCANG BANGUN APLIKASI LAPORAN POLISI BERBASIS WEB SERVICE PADA POLRESTABES MAKASSAR;Sistem Terdistribusi (Web Service);2;1
620;RANCANG BANGUN SISTEM MONITORING KEGIATAN KELOMPOK TANI DESA LEBANG BERBASIS WEB;Sistem Terdistribusi (Web Service);2;1
621;PERANCANGAN GAME SEBAGAI ALTERNATIF TERAPI PADA PENYANDANG DEPRESI;Artificial Intelligence;2;1
622;RANCANG BANGUN APLIKASI TES TOEFL MENGGUNAKAN ALGORITMA QUICK SORT BERBASIS WEB PADA FULL BRIGHT INSTITUTE;Sistem Terdistribusi (Web Service);2;1
623;APLIASI SISTEM PAKAR DIAGNOSA PENYAKIT PADA AYAM BERBASIS WEB DENGAN METODE FUZZY MAMDANI;Sistem Pendukung Keputusan;1;1
624;PERANCANGAN SISTEM PEMAGANGAN MAHASISWA TERINTEGRASI SIAKA BERBASIS WEB SERVICE;Sistem Terdistribusi (Web Service);1;1
625;PENERAPAN SISTEM PELAPORAN KINERJA PENGAWAS PENDIDIKAN AGAMA KRISTEN KEMENTRIAN AGAMA WILAYAH SUL-SEL BERBASIS WEB;Sistem Terdistribusi (Web Service);1;1
626;PENERAPAN APLIKASI SISTEM MANAJEMEN PENJADWALAN UJIAN SKRIPSI BERBASIS WEB DI FAKULTAS ADB DAN HUMANIORA UIN ALAUDDIN MAKASSAR;Sistem Terdistribusi (Web Service);1;1
627;PERANCANGAN APLIKASI PENGELOLAAN PETERNAKAN SAPI BERBASIS WEB PADA ALATAS FARM;E-Bisnis;1;1
628;PERANCANGAN SISTEM INFORMASI POINT OF SELF BERBASIS WEB;E-Bisnis;1;1
629;PERANCANGAN APLIKASI HASIL PENGUJIAN KESEHATAN IKAN LABORATORIUM BERBASIS WEB PADA BPKIPM MAKASSAR;Sistem Terdistribusi (Web Service);1;1
630;PERANCANGAN APLIKASI PENDAFTARAN DAN VERIFIKASI SUMPAH ADVOKAT BERBASIS WEB PADA PENGADILAN TINGGI SULAWESI SELATAN;Sistem Terdistribusi (Web Service);2;1
631;ANALISIS KEPUASAN KONSUMEN MENGGUNAKAN ALGORITMA C4.5 PADA CV. BLIBUKU INDONESIA;Artificial Intelligence;2;1
632;SIMULASI SISTEM PEMANTAUAN PERANGKAT JARINGAN YANG TERHUBUNG PADA MIKROTIK;Perancangan dan Optimasi Jaringan Komputer;2;1
633;PERANCANGAN DATABASE MANAGEMENT SYSTEM EVALUSI KELISTRIKAN SULAWESI UTARA MENGGUNAKAN PLATFORM GOOGLE DATA STUDIO;Sistem Terdistribusi (Web Service);2;1
634;APLIKASI VIRTUAL REALITY UNTUK PENGENALAN TATA SURYA BERBASIS ANDROID MENGGUNAKAN UNITY 3D;Artificial Intelligence;2;1
635;PENERAPAN SISTEM INFORMASI NILAI AKADEMIK SISWA SMAN 13 MAKASSAR BERBASIS WEB;Sistem Terdistribusi (Web Service);1;1
636;TEKNOLOGI PUSH NOTIFICATION UNTUK INFORMASI KEGIATAN AKADEMIK BERBASIS ANDROID;Sistem Terdistribusi (Web Service);2;1
637;IMPLEMENTASI APLIKASI ARTWORK SHOWCASE BERBASIS ANDROID MENGGUNAKAN JAVA;Sistem Terdistribusi (Web Service);2;1
638;APLIKASI PENCEGAHAN PENULARAN DAN KEPATUHAN PENGOBATAN PASIEN TUBERKULOSIS (TB) BERBASIS MOBILE;E-Bisnis;1;1
639;RANCANG BANGUN SISTEM MONITORING LAMPU PENERANGAN JALAN UMUM BERBASIS WEB;Intelligent System and Control/IoT;2;1
640;PERANCANGAN APLIKASI PENGANTARAN BARANG KURIR J&T EXPRESS MENGGUNAKAN ALGORITMA FLOYID WARSHALL;Artificial Intelligence;2;1
641;PERANCANGAN GAME EDUKASI PENGENALAN HURUF KANJI JEPANG BERBASIS ANDROID MENGGUNAKAN UNITY 3D;Artificial Intelligence;2;1
642;PEMBUATAN GAME EDUKASI PERMAINAN TRADISIONAL BUGIS DAN MAKASSAR BERBASIS ANDROID MENGGUNAKAN ALGORITMA FISHER-YATES SHUFFLE;Artificial Intelligence;2;1
643;SISTEM PAKAR DIAGNOSA KERUSAKAN MESIN PADA SEPEDA MOTOR MENGGUNAKAN METODE JARINGAN SYARAF TIRUAN ( JST ) BACKPROPAGATION;Sistem Pendukung Keputusan;1;1
644;RANCANG BANGUN SISTEM KEAMANAN SMART DOOS LOCK DENGAN ABSENSI MENGGUNAKAN TEKNOLOGI RFID;Intelligent System and Control/IoT;2;1
645;PERANCANGAN APLIKASI PENDETEKSI KEBAKARAN MENGGUNAKAN NODEMCU BERBBASIS LOCATION SERVICE;Intelligent System and Control/IoT;2;1
646;PENERAPAN APLIKASI MANUFAKTUR BERBASIS WEB PADA PT. SUKSES TEDMOND MAKASSAR DENGAN METODE MIN-MAX;E-Bisnis;1;1
647;PENERAPAN SISTEM INTEGRASI PELAPORAN PROYEK PT. CINTRA BAKTI PERSADA BERBASIS WEB;Sistem Terdistribusi (Web Service);1;1
648;MEDIA E-LOGBOOK BERBASIS WEB PADA KEGIATAN KULIAH KERJA LAPANGAN PADA UNIVERSITAS DIPA MAKASSAR;Sistem Terdistribusi (Web Service);1;1
649;PERANCANGAN GAME EDUKASI PENGENALAN HURUF YUNANI BERBASIS ANDROID MENGGUNAKAN UNITY 3D;Artificial Intelligence;2;1
650;SISTEM INFORMASI GEOGRAFIS SARANA FASILITAS KESEHATAN KECAMATAN PANAKUKANG BERBASIS WEB;Sistem Terdistribusi (Web Service);2;1
651;PERANCANGAN APLIKASI PERAMALAN KURS RUPIAH MENGGUNAKAN METODE FUZZY TIME SETIES MODEL CHENG;Artificial Intelligence;2;1
652;PENERAPAN TEKNOLOGI PLATFORM AS A SERVICES (PAAS) DALAM CLOUD COMPUTING DENGAN MENGGUNAKAN KEAMANAN DATA AES UNTUK KEBUTUHAN ARSIP DOKUMEN DIGITAL;Cloud Computing;1;1
653;PERANCANGAN APLIKASI PENENTUAN PENILAIAN SERTIFIKASI TENAGA KERJA MENGGUNAKAN METODE MOORA PADA DINAS TENAGA KERJA KOTA MAKASSAR BERBASIS WEB SERVICE;Sistem Pendukung Keputusan;1;1
654;PENERAPAN SISTEM PENGENDALIAN PRODUKSI AIR MINUM KEMASAN PADA 3V GOWA MENGGUNAKAN METODE SINGLE MOVING AVERAGE;Data Mining;1;1
655;APLIKASI PENILAIAN KRITERIA SISTEM IRIGASI BERBASIS WEB DENGAN METODE WEIGHTED AGGREGATED SUM PRODUCT ASSESSMENT (WASPAS);Sistem Pendukung Keputusan;1;1
656;PERANCANGAN APLIKASI PENGELOLAAN PAJAK RETRIBUSI DAN KEUANGAN BERBASIS WEB (STUDI KASUS : WISMA PERINTIS SYARIAH);E-Bisnis;1;1
657;PERANCANGAN APLIKASI PEMBELAJARAN MATEMATIKA BERBASIS ANDROID DENGAN METODE FISHER-YATES SHUFFLE;E-Bisnis;1;1
658;PERANCANGAN APLIKASI TUKAR POINT PADA BANK SAMPAH SMK NEGERI 5 BANTAENG;Sistem Terdistribusi (Web Service);2;1
659;PENERAPAN APLIKASI CLINICAL PATHWAY BERBASIS WEB PADA RSUP DR. TAJUDDIN CHALID MAKASSAR;E-Bisnis;1;1
660;SISTEM INFORMASI REPOSITORY SKRIPSI MAHASISWA BERBASIS WEB DENGAN METODE CHRONOLOGICAL FILLING SYSTEM;Sistem Terdistribusi (Web Service);1;1
661;PERANCANGAN APLIKASI UNTUK KALKULASI RESEP KOPI DENGAN METODE SEDUH VIETNAM DRIP BERBASIS ANDROID;Sistem Terdistribusi (Web Service);2;1
662;PERANCANGAN GAME EDUKASI LABIRIN MATEMATIKA DENGAN METODE LINEAR CONGRUENT METHOD (LCM) BERBASIS ANDROID;Artificial Intelligence;2;1
663;IMPLEMENTASI METODE PROMETHEE PADA PEMILIHAN GURU INSPIRATIF BERBASIS WEB;Sistem Pendukung Keputusan;1;1
664;IMPLEMENTASI METODE SIMPLE ADDITIVE WEIGHT DALAM PEMILIHAN SEPEDA BERBASIS WEB;Sistem Pendukung Keputusan;1;1
665;IMPLEMENTASI SMART GPS TRACKER KENDARAAN PENGIRIMAN PADA PT. MULTI LOGISTIS BERBASIS MOBILE;Intelligent System and Control/IoT;1;1
666;PERANCANGN SISTEM PENYEWAAN PERLENGKAPAN BAYI DAN MAINAN ANAK BERBASIS WEB;E-Commerce;1;1
667;SISTEM INFORMASI PENANGANAN PELAPORAN PERKARA PIDANA MILITER BERBASIS ANDROID;Sistem Terdistribusi (Web Service);3;1
668;RANCANG BANGUN APLIKASI LOGBOOK MAGANG DAN PENJADWALAN SEMINAR KKL TERINTEGRASI SIAKA BERBASIS WEB SERVICE;Sistem Terdistribusi (Web Service);2;1
669;PERANCANGAN APLIKASI E-LEARNING PADA SMA NEGERI 3 PANGKEP;E-Bisnis;1;1
670;IMPLEMENTASI METODE FLOYD WARSHALL PADA APLIKASI PENGIRIMAN BARANG KURIR JNE BERBASIS WEB;Artificial Intelligence;1;1
671;PERANCANGAN APLIKASI PESAN ONLINE PADA PUSAT TUPPERWARE MAKASSAR BERBASIS ANDROID;E-Commerce;1;1
672;PERANCANGAN APLIKASI GAME EDUKASI DALAM MENINGKATKAN POPULATITAS LAGU NASIONAL BERBASIS ANDROID;Artificial Intelligence;2;1
673;APLIKASI AUGMENTED REALITY MENGGUNAKAN FACE TRACKING SEBAGAI ALAT PERAGA DALAM PEMILIHAN PECI BERBASIS ANDROID;Artificial Intelligence;2;1
674;PERANCANGAN APLIKASI REPOSITORY DOKUMEN SKRIPSI DENGAN METODE TF-IDF;Artificial Intelligence;2;1
675;SISTEM PENDUKUNG KEPUTUSAN PENENTUAN KOMODITI SAYUR UNGGULAN BERDASARKAN PENJUALAN MENGGUNAKAN METODE K-MEANS DAN DOUBLE EXPONENTIONAL SMOTHING;Artificial Intelligence;2;1
676;APLIKASI ANALISA KERANJANG BELANJA UNTUK CROSS SELLING DENGAN METODE FP-GROWTH;Artificial Intelligence;2;1
677;PERANCANGAN APLIKASI KATA MOTIVASI HARIAN SAYA BERBASIS ANDROID MENGGUNAKAN IONIC FRAMEWORK;Sistem Terdistribusi (Web Service);2;1
678;IMPLEMENTASI METODE SINGLE EXPONENTIAL SMOOTING UNTUK SISTEM PREDIKSI PRODUKSI AIR MINUM MINERAL BERBASIS WEB;Data Mining;1;1
679;IMPLEMENTASI ALGORITMA STRING MATCHING PATTERN KNUTH-MORRIS PRATT DAN BOYER-MOORE PADA PERANCANGAN APLIKASI PENCARIAN ENSIKLOPEDIA SASTRA BERBASIS ANDROID;Data Mining;1;1
680;ANALISIS STATIK DAN DINAMIK LOCKBIT RANSOME V2.0 MENGGUNAKAN TOOLS FLAREVM;Keamanan Komputer dan Informasi;2;1
681;PENERAPAN MACHINE LEARNING UNTUK PENENTUAN JENIS BANTUAN DHU'AFA DENGAN METODE REGRESI LINEAR BERBANDA;Artificial Intelligence;2;1
682;PERANCANGAN MODEL ANTRIAN CERDAS MENGGUNAKAN METODE SIMPLE MULTI ATTRIBUTE RATING TECHNIQUE (SMART) PADA PUSKESMAS BONTO PERAK BERBASIS WEB SERVICE;Sistem Pendukung Keputusan;2;1
683;PERAANCANGAN APLIKASI PENENTUAN LOKASI PAPAN REKLAME DENGAN KOMBINASI METODE HAVERSINE DAN SAW;Sistem Pendukung Keputusan;2;1
684;IMPLEMENTASI INTERNET OF THINGS UNTUK TELECONTROL VOLUME AIR TANDON MENGGUNAKAN TELEGRAM MESSENGER BOT DAN SENSOR ULTRASONIC;Intelligent System and Control/IoT;2;1
685;PERANCANGAN APLIKASI E-KINERJA PEGAWAI BERBASIS ANDROID PADA DINAS PERHUBUNGAN KABUPATEN GOWA;E-Bisnis;1;1
686;IMPLEMENTASI METODE JARO WINKLER DISTANCE DAN ALGORITMA PREPROCESSING PADA APLIKASI ENSIKLOPEDIA ISLAM BERBASIS ANDROID;Data Mining;1;1
687;PERANCANGAN APLIKASI PENDAFTARAN KURSUS MENGEMUDI BERBASIS WEB PADA ALIAH KURSUS;E-Commerce;3;1
688;SISTEM INFORMASI RESERVASI DAN KEUANGAN ALMIRA HOMESTAY BERBASIS WEB;E-Commerce;3;1
689;PERANCANGAN SISTEM INFORMASI PENJUALAN RUMAH MAKAN AYAM GEPREK NYAI;E-Commerce;3;1
690;PERANCANGAN SISTEM INFORMASI KEPEGAWAIAN BERBASIS WEB PADA PT. ENTOLU BUANA MANDIRI;Sistem Terdistribusi (Web Service);3;1
691;PERANCANGAN SISTEM MONITORING PELAPORAN MASYARAKAT PADA KASUS SENGKETA LINGKUNGAN BERBASIS ANDROID;Sistem Terdistribusi (Web Service);1;1
692;PENERAPAN METODE FREQUENT PATTERN GROWTH UNTUK KLASISIKASI POLA PENJUALAN PERALATAN ELEKTRONIK PADA TOKO VETERAN ELEKTRONIK MAKASSAR;Artificial Intelligence;2;1
693;PERANCANGAN APLIKASI AUTO RESPONDER WHATSAPP API PADA LAYANAN HOTLINE UNIVERSITAS DIPA MAKASSAR;Sistem Terdistribusi (Web Service);2;1
694;ANALISA PERSEPSI MASYARAKAT TERHADAP KENAIKAN PPN 11% DENGAN METODE MEIGHTED INVERSE DOCUMENT FREQUENCY PADA MEDIA SOSIAL TWITTER;Artificial Intelligence;2;1
695;OPTIMASI DAN MANAJEMEN BACKBONE INFRASTRUKTUR JARINGAN INTERNET DESA DENGAN PERANCANGAN HYBRID DAN PENERAPAN WDS;Perancangan dan Optimasi Jaringan Komputer;2;1
696;VIRTUAL TOUR E-TOURISM DENGAN SEO SEBAGAI STRATEGI PROMOSI PARIWISATA DESA PARENRENG MENGGUNAKAN FRAME WORK LARAVEL;Artificial Intelligence;2;1
697;PROTOTIPE SISTEM PERTANIAN CERDAS BERBASIS IoT DENGAN PORTAL PANDUAN PADA DESA PARENRENG;Intelligent System and Control/IoT;2;1
698;PROTOTIPE PENGHITUNG JUMLAH DAN KECEPATAN KENDARAAN OTOMATIS SECARA REAL TIME BERBASIS COMPUTER VISION MENGGUNAKAN METODE BACKROUND SUBTRACTION;Artificial Intelligence;2;1
699;PROTOTIPE ALAT MONITORING DETAK JANTUNG SERTA DIAGNOSA PENYAKIT YANG TIMBUL PADA JANTUNG DENGAN ARTICIAL NEURAL NETWORK BERBASIS ANDROID;Artificial Intelligence;2;1
700;RANCANG BANGUN APLIKASI PENDETEKSI BAHASA ISYARAT DENGAN TENSORFLOW OBJECT DETECTION DAN SSD MOBILE NET V2;Artificial Intelligence;2;1
701;TRANSFORMASI PELAYANAN PUBLIK MELALUI E-GOVERNMENT DENGAN METODE PROTOTYPING BERBASIS WEB SERVICE PADA DESA;Sistem Terdistribusi (Web Service);2;1
702;PENERAPAN WEB SERVICE CEK PLAGIARISM MENGGUNAKAN ALGORITMA EUCLIDEAN DISTANCE DAN COSINE SIMILARITY;Artificial Intelligence;2;1
703;PEMODELAN PRESTASI AKADEMIK MAHASISWA YANG AKTIF BERORGANISASI MENGGUNAKAN ANALISIS MULTIVARIAT DAN MESIN LEARNING;Artificial Intelligence;2;1
704;SISTEM KANDANG CERDAS UNTUK AYAM PETELUR BERBASIS INTERNET OF TINGS (IoT);Intelligent System and Control/IoT;2;1
705;APLIKASI FORECASTING KELAYAKAN PEMBERIAN KREDIT PADA NASABAH BANK HASAMITRA MAKASSAR DENGAN METODE MULTIATRIBUTE UTILITY THEORY BERBASIS ANDROID;Sistem Pendukung Keputusan;2;1
706;IMPLEMENTASI METODE SINGLE MOVING AVERAGE PADA APLIKASI ORDER INDENT BERBASIS WEB;Data Mining;1;1
707;PERANCANGAN SISTEM INFORMASI PENGOLAHAN DATA KEPUASAN DAN HARAPAN MASYARAKAT TERHADAP LAYANAN PUBLIK INSTANSI PEMERINTAH BERBASIS WEB;Sistem Terdistribusi (Web Service);1;1
708;APLIKASI PENENTUAN RUANGAN WARGA BINAAN LEMBAGA PEMASYARAKATAN KELAS 1 KOTA MAKASSAR MENGGGUNAKAN ALGORITMA PROFILE MATCHING BERBASIS WEB;Artificial Intelligence;2;1
709;IMPLEMENTASI ALGORITMA RC4 UNTUK PENGAMANAN FILE LAPORAN KERJA DI PT. CCSI MAKASSAR;Keamanan Komputer dan Informasi;2;1
710;SISTEM REKOMENDASI PRODUK MASKER WAJAH UNTUK JENIS KULIT SENSITIF MENGGUNAKAN ALGORITMA COMPOSITE PERFORMANCE INDEX (CPI);Artificial Intelligence;2;1
711;PENERAPAN METODE CERTTAINTY FACTOR PADA SISTEM PAKAR UNTUK MENGIDENTIFIKASI JENIS KULIT WAJAH BERBASIS ANDROID;Artificial Intelligence;2;1
712;RANCANG BANGUN SISTEM MONITORING KEGIATAN KELOMPOK TANI UNTUK MENDUKUNG PRODUKTIVITAS HASIL PANEN DI KELURAHAN MANGALLEKANA BERBASIS WEB SERVICE;Sistem Terdistribusi (Web Service);2;1
713;ANALISIS AKURASI TINGKAT PENCEMARAN POLUSI UDARA DENGAN ALGORITMA K-NN DAN REGRESI LINEAR BERGANDA;Artificial Intelligence;2;1
714;PERANCANGAN SISTEM KINERJA PEGAWAI TIDAK TETAP BERBASIS WEB PADA KANTOR DESA BONTO MATINGGI;E-Bisnis;1;1
715;PERANCANGAN APLIKASI MONITORING SERVICE MOBIL DENGAN QR CODE PADA BENGKEL MOBIL BERBASIS WEB SERVICE;Sistem Terdistribusi (Web Service);2;1
716;DESAIN APLIKASI PENGAMANAN DATA TRANSAKSI PEMBAYARAN PELANGGAN MENGGUNAKAN METODE AUTOKEY CHIPER;Keamanan Komputer dan Informasi;2;1
717;RANCANG BANGUN APLIKASI GAME EDUKASI AKSARA LONTARA BUGIS MENGGUNAKAN UNITY BERBASIS WEB;Artificial Intelligence;2;1
718;SISTEM PREDIKSI PRODUKSI MINUMAN DINGAN MENGGUNAKAN METODE KNN BERBASIS WEB;Artificial Intelligence;2;1
719;PENERAPAN ALGORITMA K-MEANS CLUSTERING UNTUK MENGELOMPOKKAN DATA KEMISKINAN DI PROVINSI SULAWESI SELATAN;Artificial Intelligence;2;1
720;SISTEM KLATERISASI DATA JAMA'AH UMROH MENGGUNAKAN ALGORITMA K-MEANS;Artificial Intelligence;2;1
721;PERANCANGAN GAME JIGSAW UNTUK PEMBELAJARAN MENGGUNAKAN MULTIMEDIA BERBASIS ANDROID;Artificial Intelligence;2;1
722;PERANCANGAN APLIKASI BOOKING RUMAH KOST MENGGUNAKAN DIGITAL TRANSACTION BERBASIS WEB TERINTEGRASI;E-Commerce;1;1
723;PENERAPAN METODE MULTYFACTOR EVALUATION PROCESS PADA SISTEM PENDUKUNG KEPUTUSAN DALAM PEMILIHAN TANAH KAVLING BERBASIS WEB;Sistem Pendukung Keputusan;1;1
724;APLIKASI BURSA CAKAR BERBASIS WEB;E-Commerce;1;1
725;PERANCANGAN APLIKASI STARTUP JUAL BELI BERAS DI KECAMATAN TOBADAK BERBASIS WEB;E-Commerce;3;1
726;PERANCANGAN IKLAN LAYANAN MASYARAKAT PENERAPAN K3 DALAM PEMANENAN KELAPA SAWIT BERBASIS VIDEO KAB. MAMUJU TENGAH;Analisis dan Desain Multimedia;3;1
727;PENGENALAN BENDA BERSEJARAH PADA MUSEUM SAORAJA LA PAWOI KARAENG SIGERI BONE;UI/UX Desain;3;1
728;ANALISIS DAN PERANCANGAN SISTEM INFORMASI AKUNTANSI PADA KOPERASI SIMPAN PINJAM BERKAT;E-Bisnis;3;1
729;SISTEM PAKAR DETEKSI KERUSAKAN MESIN POMPA AIR MENGGUNAKAN METODE DEMSTER SHAFFER BERBASIS ANDROID;Sistem Pendukung Keputusan;3;1
730;PENERAPAN SISTEM PENENTUAN PEMILIHAN KEPALA DESA MENGGUNAKAN METODE PROFILE MATCHING BERBASIS WEB;Sistem Pendukung Keputusan;1;1
731;PENERAPAN KLASIFIKASI TINGKAT KERAWANAN BANJIR WILAYAH MENGGUNAKAN METODE PROMETHEE;Sistem Pendukung Keputusan;1;1
732;IMPLEMENTASI KRIPTOGRAFI VIGENERE CIPHER TERHADAP KEAMANAN DATA SISTEM EVOTING PEMILIHA KETUA OSIS PADA SMAN 2 BONE;Keamanan Komputer dan Informasi;3;1
733;APLIKASI ABSENSI PEGAWAI AM MOTOR & ANUGRAH METAL MENGGUNAKAN QR CODE BERBASIS ANDROID;Sistem Terdistribusi (Web Service);3;1
734;PENERAPAN METODE FORWARD CHAINING UNTUK MENENTUKAN JENIS PENYAKIT DAN OBAT PADA IKAN TAMBAK BERBASIS WEB;Sistem Pendukung Keputusan;1;1
735;PENERAPAN FORECASTING MENGGUNAKAN METODE TREND MOMENT UNTUK PREDIKSI PENJUALAN BARANG BERBASIS WEB PADA PT. CATUR PUTRAHARMONIS;Data Mining;1;1
736;PERANCANGAN E-COURSE PEMBELAJARAN MANDIRI MENGGUNAKAN METODE LINEAR CONGRUENT BERBASIS WEB;E-Bisnis;1;1
737;IMPLEMENTASI SISTEM MONITORING PERKEMBANGAN PROYEK BERBASIS ANDROID;E-Bisnis;1;1
738;APLIKASI DETEKSI LOKASI PENYEWA PADA RENTAL MOBIL DAN MOTOR BERBASIS MOBILE;Sistem Terdistribusi (Web Service);3;1
739;PERANCANGAN APLIKASI ABSENSI RAPAT PEGAWAI DPRD PROVINSI MENGGUNAKAN FACE RECOGNITION BERBASIS WEB;Data Sains;3;1
740;IMPLEMENTASI APLIKASI QRCODE BERBASIS ANDROID MENGGUNAKAN BASED SERVICE DAN FACE DETECTION PADA ABSENSI KARYAWAN PT. POS INDONESIA KPRK BONE;Data Sains;3;1
741;SISTEM BOOKING ONLINE DALAM PENYEWAAN JASA EVENT ORGANIZER BERBASIS WEB PADA MAKKASAU EVENT DAN WEDDING ORGANIZER;E-Commerce;3;1
742;PERANCANGAN APLIKASI KELAYAKAN BEROPERASI ARMADA BUS MENGGUNAKAN METODE CASE BASED REASONING BERBASIS WEB;Sistem Pendukung Keputusan;1;1
743;PERANCANGAN SISTEM PEMESANAN MENU DENGAN QR-CODE DAN WEB PADA KEDAI KILOMETER 17 MAKASSAR;E-Commerce;3;1
744;SISTEM ABSENSI PESERTA MAGANG DENGAN TEKNIK AUTO GENERATE QRCODE PADA PT. BANK SULSELBAR;Sistem Terdistribusi (Web Service);3;1
745;SISTEM INFORMASI PEMESANAN E-TIKETING BERBASIS WEB PADA TERMINAL REGIONAL DAYA;E-Commerce;3;1
746;PERANCANGAN PEMESANAN KARCIS DAN FASILITAS OBJEK PARIWISATA DAERAH SECARA ONLINE DI POLEWALI MANDAR;E-Commerce;3;1
747;IMPLEMENTASI METODE AHP DALAM PEMILIHAN JENIS PESTISIDA BERBASIS WEB (STUDI KASUS: KELOMPOK TANI SALAMPE);Data Mining;3;1
748;PERANCANGAN SISTEM INFORMASI PENJUALAN PUPUK DAN MEDIA TANAM BERBASIS WEB PADA TOKO MARSYA MAKASSAR;E-Commerce;3;1
749;IMPLEMENTASI METODE SIMPLE ADDITIVE WEIGHT (SAW) PADA SISTEM KINERJA PEGAWAI SMP NEGERI 1 DUAPITUE BERBASIS WEB;Data Mining;3;1
750;PERANCANGAN APLIKASI MARKETPLACE OLEH-OLEH KHAS TORAJA BERBASIS WEB;E-Commerce;1;1
751;APLIKASI PENGELOLAAN BARANG MILIK NEGARA (BMN) BERBASIS WEB PADA BADAN PEMERIKSA KEUANGAN (BPK) PROV SUL-SEL;Sistem Terdistribusi (Web Service);1;1
752;SISTEM INFORMASI PENANGANAN PELAPORAN PERKARA PIDANA MILITER BERBASIS ANDROID;Sistem Terdistribusi (Web Service);3;1
753;RANCANG BANGUN APLIKASI LOGBOOK MAGANG DAN PENJADWALAN SEMINAR KKL TERINTEGRASI SIAKA BERBASIS WEB SERVICE;Sistem Terdistribusi (Web Service);2;1
754;PERANCANGAN APLIKASI E-LEARNING PADA SMA NEGERI 3 PANGKEP;E-Bisnis;1;1
755;IMPLEMENTASI METODE FLOYD WARSHALL PADA APLIKASI PENGIRIMAN BARANG KURIR JNE BERBASIS WEB;Artificial Intelligence;1;1
756;PERANCANGAN APLIKASI PESAN ONLINE PADA PUSAT TUPPERWARE MAKASSAR BERBASIS ANDROID;E-Commerce;1;1
757;PERANCANGAN APLIKASI GAME EDUKASI DALAM MENINGKATKAN POPULATITAS LAGU NASIONAL BERBASIS ANDROID;Artificial Intelligence;2;1
758;APLIKASI AUGMENTED REALITY MENGGUNAKAN FACE TRACKING SEBAGAI ALAT PERAGA DALAM PEMILIHAN PECI BERBASIS ANDROID;Artificial Intelligence;2;1
759;PERANCANGAN APLIKASI REPOSITORY DOKUMEN SKRIPSI DENGAN METODE TF-IDF;Artificial Intelligence;2;1
760;SISTEM PENDUKUNG KEPUTUSAN PENENTUAN KOMODITI SAYUR UNGGULAN BERDASARKAN PENJUALAN MENGGUNAKAN METODE K-MEANS DAN DOUBLE EXPONENTIONAL SMOTHING;Artificial Intelligence;2;1
761;APLIKASI ANALISA KERANJANG BELANJA UNTUK CROSS SELLING DENGAN METODE FP-GROWTH;Artificial Intelligence;2;1
762;PERANCANGAN APLIKASI KATA MOTIVASI HARIAN SAYA BERBASIS ANDROID MENGGUNAKAN IONIC FRAMEWORK;Sistem Terdistribusi (Web Service);2;1
763;IMPLEMENTASI METODE SINGLE EXPONENTIAL SMOOTING UNTUK SISTEM PREDIKSI PRODUKSI AIR MINUM MINERAL BERBASIS WEB;Data Mining;1;1
764;IMPLEMENTASI ALGORITMA STRING MATCHING PATTERN KNUTH-MORRIS PRATT DAN BOYER-MOORE PADA PERANCANGAN APLIKASI PENCARIAN ENSIKLOPEDIA SASTRA BERBASIS ANDROID;Data Mining;1;1
765;ANALISIS STATIK DAN DINAMIK LOCKBIT RANSOME V2.0 MENGGUNAKAN TOOLS FLAREVM;Keamanan Komputer dan Informasi;2;1
766;PENERAPAN MACHINE LEARNING UNTUK PENENTUAN JENIS BANTUAN DHU'AFA DENGAN METODE REGRESI LINEAR BERBANDA;Artificial Intelligence;2;1
767;PERANCANGAN MODEL ANTRIAN CERDAS MENGGUNAKAN METODE SIMPLE MULTI ATTRIBUTE RATING TECHNIQUE (SMART) PADA PUSKESMAS BONTO PERAK BERBASIS WEB SERVICE;Sistem Terdistribusi (Web Service);2;1
768;PERAANCANGAN APLIKASI PENENTUAN LOKASI PAPAN REKLAME DENGAN KOMBINASI METODE HAVERSINE DAN SAW;Artificial Intelligence;2;1
769;IMPLEMENTASI INTERNET OF THINGS UNTUK TELECONTROL VOLUME AIR TANDON MENGGUNAKAN TELEGRAM MESSENGER BOT DAN SENSOR ULTRASONIC;Intelligent System and Control/IoT;2;1
770;PERANCANGAN APLIKASI E-KINERJA PEGAWAI BERBASIS ANDROID PADA DINAS PERHUBUNGAN KABUPATEN GOWA;E-Bisnis;1;1
771;IMPLEMENTASI METODE JARO WINKLER DISTANCE DAN ALGORITMA PREPROCESSING PADA APLIKASI ENSIKLOPEDIA ISLAM BERBASIS ANDROID;Data Mining;1;1
772;PERANCANGAN APLIKASI PENDAFTARAN KURSUS MENGEMUDI BERBASIS WEB PADA ALIAH KURSUS;E-Commerce;3;1
773;SISTEM INFORMASI RESERVASI DAN KEUANGAN ALMIRA HOMESTAY BERBASIS WEB;E-Commerce;3;1
774;PERANCANGAN SISTEM INFORMASI PENJUALAN RUMAH MAKAN AYAM GEPREK NYAI;E-Commerce;3;1
775;PERANCANGAN SISTEM INFORMASI KEPEGAWAIAN BERBASIS WEB PADA PT. ENTOLU BUANA MANDIRI;Sistem Terdistribusi (Web Service);3;1
776;PERANCANGAN SISTEM MONITORING PELAPORAN MASYARAKAT PADA KASUS SENGKETA LINGKUNGAN BERBASIS ANDROID;Sistem Terdistribusi (Web Service);1;1
777;PENERAPAN METODE FREQUENT PATTERN GROWTH UNTUK KLASISIKASI POLA PENJUALAN PERALATAN ELEKTRONIK PADA TOKO VETERAN ELEKTRONIK MAKASSAR;Artificial Intelligence;2;1
778;PERANCANGAN APLIKASI AUTO RESPONDER WHATSAPP API PADA LAYANAN HOTLINE UNIVERSITAS DIPA MAKASSAR;Sistem Terdistribusi (Web Service);2;1
779;ANALISA PERSEPSI MASYARAKAT TERHADAP KENAIKAN PPN 11% DENGAN METODE MEIGHTED INVERSE DOCUMENT FREQUENCY PADA MEDIA SOSIAL TWITTER;Artificial Intelligence;2;1
780;OPTIMASI DAN MANAJEMEN BACKBONE INFRASTRUKTUR JARINGAN INTERNET DESA DENGAN PERANCANGAN HYBRID DAN PENERAPAN WDS;Perancangan dan Optimasi Jaringan Komputer;2;1
781;VIRTUAL TOUR E-TOURISM DENGAN SEO SEBAGAI STRATEGI PROMOSI PARIWISATA DESA PARENRENG MENGGUNAKAN FRAME WORK LARAVEL;Sistem Terdistribusi (Web Service);2;1
782;PROTOTIPE SISTEM PERTANIAN CERDAS BERBASIS IoT DENGAN PORTAL PANDUAN PADA DESA PARENRENG;Intelligent System and Control/IoT;2;1
783;PROTOTIPE PENGHITUNG JUMLAH DAN KECEPATAN KENDARAAN OTOMATIS SECARA REAL TIME BERBASIS COMPUTER VISION MENGGUNAKAN METODE BACKROUND SUBTRACTION;Artificial Intelligence;2;1
784;PROTOTIPE ALAT MONITORING DETAK JANTUNG SERTA DIAGNOSA PENYAKIT YANG TIMBUL PADA JANTUNG DENGAN ARTICIAL NEURAL NETWORK BERBASIS ANDROID;Artificial Intelligence;2;1
785;RANCANG BANGUN APLIKASI PENDETEKSI BAHASA ISYARAT DENGAN TENSORFLOW OBJECT DETECTION DAN SSD MOBILE NET V2;Artificial Intelligence;2;1
786;TRANSFORMASI PELAYANAN PUBLIK MELALUI E-GOVERNMENT DENGAN METODE PROTOTYPING BERBASIS WEB SERVICE PADA DESA;Sistem Terdistribusi (Web Service);2;1
787;PENERAPAN WEB SERVICE CEK PLAGIARISM MENGGUNAKAN ALGORITMA EUCLIDEAN DISTANCE DAN COSINE SIMILARITY;Artificial Intelligence;2;1
788;PEMODELAN PRESTASI AKADEMIK MAHASISWA YANG AKTIF BERORGANISASI MENGGUNAKAN ANALISIS MULTIVARIAT DAN MESIN LEARNING;Artificial Intelligence;2;1
789;SISTEM KANDANG CERDAS UNTUK AYAM PETELUR BERBASIS INTERNET OF TINGS (IoT);Intelligent System and Control/IoT;2;1
790;APLIKASI FORECASTING KELAYAKAN PEMBERIAN KREDIT PADA NASABAH BANK HASAMITRA MAKASSAR DENGAN METODE MULTIATRIBUTE UTILITY THEORY BERBASIS ANDROID;Artificial Intelligence;2;1
791;IMPLEMENTASI METODE SINGLE MOVING AVERAGE PADA APLIKASI ORDER INDENT BERBASIS WEB;Data Mining;1;1
792;PERANCANGAN SISTEM INFORMASI PENGOLAHAN DATA KEPUASAN DAN HARAPAN MASYARAKAT TERHADAP LAYANAN PUBLIK INSTANSI PEMERINTAH BERBASIS WEB;Sistem Terdistribusi (Web Service);1;1
793;APLIKASI PENENTUAN RUANGAN WARGA BINAAN LEMBAGA PEMASYARAKATAN KELAS 1 KOTA MAKASSAR MENGGGUNAKAN ALGORITMA PROFILE MATCHING BERBASIS WEB;Sistem Pendukung Keputusan;2;1
794;IMPLEMENTASI ALGORITMA RC4 UNTUK PENGAMANAN FILE LAPORAN KERJA DI PT. CCSI MAKASSAR;Keamanan Komputer dan Informasi;2;1
795;SISTEM REKOMENDASI PRODUK MASKER WAJAH UNTUK JENIS KULIT SENSITIF MENGGUNAKAN ALGORITMA COMPOSITE PERFORMANCE INDEX (CPI);Sistem Pendukung Keputusan;2;1
796;PENERAPAN METODE CERTTAINTY FACTOR PADA SISTEM PAKAR UNTUK MENGIDENTIFIKASI JENIS KULIT WAJAH BERBASIS ANDROID;Artificial Intelligence;2;1
797;RANCANG BANGUN SISTEM MONITORING KEGIATAN KELOMPOK TANI UNTUK MENDUKUNG PRODUKTIVITAS HASIL PANEN DI KELURAHAN MANGALLEKANA BERBASIS WEB SERVICE;Sistem Terdistribusi (Web Service);2;1
798;ANALISIS AKURASI TINGKAT PENCEMARAN POLUSI UDARA DENGAN ALGORITMA K-NN DAN REGRESI LINEAR BERGANDA;Artificial Intelligence;2;1
799;PERANCANGAN SISTEM KINERJA PEGAWAI TIDAK TETAP BERBASIS WEB PADA KANTOR DESA BONTO MATINGGI;E-Bisnis;1;1
800;PERANCANGAN APLIKASI MONITORING SERVICE MOBIL DENGAN QR CODE PADA BENGKEL MOBIL BERBASIS WEB SERVICE;Sistem Terdistribusi (Web Service);2;1
801;DESAIN APLIKASI PENGAMANAN DATA TRANSAKSI PEMBAYARAN PELANGGAN MENGGUNAKAN METODE AUTOKEY CHIPER;Keamanan Komputer dan Informasi;2;1
802;RANCANG BANGUN APLIKASI GAME EDUKASI AKSARA LONTARA BUGIS MENGGUNAKAN UNITY BERBASIS WEB;Artificial Intelligence;2;1
803;SISTEM PREDIKSI PRODUKSI MINUMAN DINGAN MENGGUNAKAN METODE KNN BERBASIS WEB;Artificial Intelligence;2;1
804;PENERAPAN ALGORITMA K-MEANS CLUSTERING UNTUK MENGELOMPOKKAN DATA KEMISKINAN DI PROVINSI SULAWESI SELATAN;Artificial Intelligence;2;1
805;SISTEM KLATERISASI DATA JAMA'AH UMROH MENGGUNAKAN ALGORITMA K-MEANS;Artificial Intelligence;2;1
806;PERANCANGAN GAME JIGSAW UNTUK PEMBELAJARAN MENGGUNAKAN MULTIMEDIA BERBASIS ANDROID;Artificial Intelligence;2;1
807;PERANCANGAN APLIKASI BOOKING RUMAH KOST MENGGUNAKAN DIGITAL TRANSACTION BERBASIS WEB TERINTEGRASI;E-Commerce;1;1
808;PENERAPAN METODE MULTYFACTOR EVALUATION PROCESS PADA SISTEM PENDUKUNG KEPUTUSAN DALAM PEMILIHAN TANAH KAVLING BERBASIS WEB;Sistem Pendukung Keputusan;1;1
809;APLIKASI BURSA CAKAR BERBASIS WEB;E-Commerce;1;1
810;PERANCANGAN APLIKASI STARTUP JUAL BELI BERAS DI KECAMATAN TOBADAK BERBASIS WEB;E-Commerce;3;1
811;PERANCANGAN IKLAN LAYANAN MASYARAKAT PENERAPAN K3 DALAM PEMANENAN KELAPA SAWIT BERBASIS VIDEO KAB. MAMUJU TENGAH;Analisis dan Desain Multimedia;3;1
812;PENGENALAN BENDA BERSEJARAH PADA MUSEUM SAORAJA LA PAWOI KARAENG SIGERI BONE;UI/UX Desain;3;1
813;ANALISIS DAN PERANCANGAN SISTEM INFORMASI AKUNTANSI PADA KOPERASI SIMPAN PINJAM BERKAT;E-Bisnis;3;1
814;SISTEM PAKAR DETEKSI KERUSAKAN MESIN POMPA AIR MENGGUNAKAN METODE DEMSTER SHAFFER BERBASIS ANDROID;Data Mining;3;1
815;PENERAPAN SISTEM PENENTUAN PEMILIHAN KEPALA DESA MENGGUNAKAN METODE PROFILE MATCHING BERBASIS WEB;Sistem Pendukung Keputusan;1;1
816;PENERAPAN KLASIFIKASI TINGKAT KERAWANAN BANJIR WILAYAH MENGGUNAKAN METODE PROMETHEE;Sistem Pendukung Keputusan;1;1
817;IMPLEMENTASI KRIPTOGRAFI VIGENERE CIPHER TERHADAP KEAMANAN DATA SISTEM EVOTING PEMILIHAN KETUA OSIS PADA SMAN 2 BONE;Keamanan Komputer dan Informasi;3;1
818;APLIKASI ABSENSI PEGAWAI AM MOTOR & ANUGRAH METAL MENGGUNAKAN QR CODE BERBASIS ANDROID;Sistem Terdistribusi (Web Service);3;1
819;PENERAPAN METODE FORWARD CHAINING UNTUK MENENTUKAN JENIS PENYAKIT DAN OBAT PADA IKAN TAMBAK BERBASIS WEB;Sistem Pendukung Keputusan;1;1
820;PENERAPAN FORECASTING MENGGUNAKAN METODE TREND MOMENT UNTUK PREDIKSI PENJUALAN BARANG BERBASIS WEB PADA PT. CATUR PUTRAHARMONIS;Data Mining;1;1
821;PERANCANGAN E-COURSE PEMBELAJARAN MANDIRI MENGGUNAKAN METODE LINEAR CONGRUENT BERBASIS WEB;E-Bisnis;1;1
822;IMPLEMENTASI SISTEM MONITORING PERKEMBANGAN PROYEK BERBASIS ANDROID;E-Bisnis;1;1
823;APLIKASI DETEKSI LOKASI PENYEWA PADA RENTAL MOBIL DAN MOTOR BERBASIS MOBILE;Sistem Terdistribusi (Web Service);3;1
824;PERANCANGAN APLIKASI ABSENSI RAPAT PEGAWAI DPRD PROVINSI MENGGUNAKAN FACE RECOGNITION BERBASIS WEB;Data Sains;3;1
825;IMPLEMENTASI APLIKASI QRCODE BERBASIS ANDROID MENGGUNAKAN BASED SERVICE DAN FACE DETECTION PADA ABSENSI KARYAWAN PT. POS INDONESIA KPRK BONE;Data Sains;3;1
826;SISTEM BOOKING ONLINE DALAM PENYEWAAN JASA EVENT ORGANIZER BERBASIS WEB PADA MAKKASAU EVENT DAN WEDDING ORGANIZER;E-Commerce;3;1
827;PERANCANGAN APLIKASI KELAYAKAN BEROPERASI ARMADA BUS MENGGUNAKAN METODE CASE BASED REASONING BERBASIS WEB;Sistem Pendukung Keputusan;1;1
828;PERANCANGAN SISTEM PEMESANAN MENU DENGAN QR-CODE DAN WEB PADA KEDAI KILOMETER 17 MAKASSAR;E-Commerce;3;1
829;SISTEM ABSENSI PESERTA MAGANG DENGAN TEKNIK AUTO GENERATE QRCODE PADA PT. BANK SULSELBAR;Sistem Terdistribusi (Web Service);3;1
830;SISTEM INFORMASI PEMESANAN E-TICKETING BERBASIS WEB PADA TERMINAL REGIONAL DAYA;E-Commerce;3;1
831;PERANCANGAN PEMESANAN KARCIS DAN FASILITAS OBJEK PARIWISATA DAERAH SECARA ONLINE DI POLEWALI MANDAR;E-Commerce;3;1
832;IMPLEMENTASI METODE AHP DALAM PEMILIHAN JENIS PESTISIDA BERBASIS WEB;Sistem Pendukung Keputusan;3;1
833;PERANCANGAN SISTEM INFORMASI PENJUALAN PUPUK DAN MEDIA TANAM BERBASIS WEB PADA TOKO MARSYA MAKASSAR;E-Commerce;3;1
834;IMPLEMENTASI METODE SIMPLE ADDITIVE WEIGHT (SAW) PADA SISTEM KINERJA PEGAWAI SMP NEGERI 1 DUAPITUE BERBASIS WEB;Sistem Pendukung Keputusan;3;1
835;PERANCANGAN APLIKASI MARKETPLACE OLEH-OLEH KHAS TORAJA BERBASIS WEB;E-Commerce;1;1
836;APLIKASI PENGELOLAAN BARANG MILIK NEGARA (BMN) BERBASIS WEB PADA BADAN PEMERIKSA KEUANGAN (BPK) PROV SUL-SEL;Sistem Terdistribusi (Web Service);1;1
837;SISTEM PERINGATAN TITIK RAWAN TINDAK KRIMINAL BERBASIS ANDROID DENGAN METODE DIJKSTRA DI KOTA MAKASSAR;Artificial Intelligence;2;1
838;IMPLEMENTASI WEB SERVICE DALAM PERANCANGAN SISTEM INFORMASI E-LABORATORIUM PADA KLINIK PADAIDI' MEDICAL CENTER;Sistem Terdistribusi (Web Service);2;1
839;VISUALISASI ANIMASI 3D INTERAKTIF SIMULASI SMK DARUSSALAM MAKASSAR MENGGUNAKAN SOFTWARE SKETCHUP DAN LUMION;Intelligent System and Control/IoT;2;1
840;PERSONAL ASSISTANT PENJUALAN SKINCARE PADA AGEN MSGLOW GOWA BERBASIS CHATBOT MENGGUNAKAN DIALOG FLOW;Artificial Intelligence;2;1
841;APLIKASI MONITORING IMUNISASI DAN TUMBUH KEMBANG BAYI BERBASIS WEB SERVICE;Sistem Terdistribusi (Web Service);2;1
842;IMPLEMENTASI METODE SINGLE EXPONENTIAL SMOOTING UNTUK SISTEM PREDIKSI PRODUKSI AIR MINUM MINERAL BERBASIS WEB;Artificial Intelligence;2;1
843;PERANCANGAN APLIKASI MONITORING DAN KLASIFIKASI PERLENGKAPAN DAN PENATAUSAHAAN BARANG MENGGUNAKAN ALGORITMA K-NEAREST NEIGHBOR BERBASIS WEB SERVICE;Artificial Intelligence;2;1
844;IMPLEMENTASI DATA MINING UNTUK MENGANALISIS DATA PENJUALAN PADA TOKO SINAR MAS MENGGUNAKAN ALGORITMA HASH;Artificial Intelligence;2;1
845;IMPLEMENTASI ALGORITMA DBSCAN UNTUK MENGANALISIS PENYEBARAN DAN KELAYAKAN PEKERJAAN ALUMNI UNIVERSITAS DIPA MAKASSAR;Artificial Intelligence;2;1
846;IMPLEMENTASI RESTFUL API PADA PEMBUATAN APLIKASI KUIS PADA BIMBINGAN BELAJAR MACCA EDUCATION;Sistem Terdistribusi (Web Service);2;1
847;PERANCANGAN APLIKASI PENGADUAN MAHASISWA UNIVERSITAS DIPA MAKASSAR BERBASIS WEBSERVICE;Sistem Terdistribusi (Web Service);2;1
848;PERANCANGAN GAME EDUKASI PENGENALAN ANATOMI SYARAF DAN OTAK MANUSIA PADA ANAK USIA DINI BERBASIS WEB;Artificial Intelligence;2;1
849;"PERANCANGAN GAME RPG ""INDONESIAN EPIGRAPH"" BERBASIS ANDROID";Artificial Intelligence;2;1
850;PERANCANGAN APLIKASI ESTIMASI PRODUKSI KUE MENGGUNAKAN FUZZY TSUKAMOTO PADA TOKO DONALSON BAKERY AND CAKE PENGAYOMAN;Artificial Intelligence;2;1
851;PERANCANGAN APLIKASI MANAJEMEN SERVICE MOBIL DENGAN QRCODE BERBASIS WEB;E-Bisnis;1;1
852;PERANCANGAN APLIKASI PENGENALAN TRANSKRIPSI SASTRA TORAJA KLASIK DENGAN METODE ALGORITMA FINITE AUTOMATA BERBASIS ANDROID;Data Mining;1;1
853;PERANCANGAN APLIKASI PENGELOLAAN BARANG INVENTARIS PADA UNIVERSITAS DIPA MAKASSAR;Sistem Terdistribusi (Web Service);2;1
854;PERANCANGAN SISTEM PEMILIHAN KETUA OSIS DENGAN MENERAPKAN KEAMANAN DATA BERBASIS WEB DENGAN METODE KRIPTOGRAFI VIGENERE CIPHER;Keamanan Komputer dan Informasi;1;1
855;IMPLEMENTASI APLKKASI DATA KEPEGAWAIAN BERBASIS WEB PADA DINAS PERUMAHAN KAWASAN PERMUKIMAN DAN PERTANAHAN MAKASSAR;Sistem Terdistribusi (Web Service);1;1
856;IMPLEMENTASI DATA MINING DALAM MENENTUKAN DAERAH RAWAN TINDAK KRIMINAL MENGGUNAKAN METODE K-MEANS DI KABUPATEN PINRANG;Artificial Intelligence;2;1
857;SISTEM REKOMENDASI DISTRIBUTOR AYAM PEDAGING MENGGUNAKAN ALGORITMA CONTENT-BASED FILTERING;Artificial Intelligence;2;1
858;SISTEM PENDUKUNG KEPUTUSAN UJI KELAYAKAN SPEAKER DI TVRI SULAWESI SELATAN DENGAN METODE FUZZY TSUKAMOTO BERBASIS ANDROID;Sistem Pendukung Keputusan;2;1
859;SISTEM PENDUKUNG KEPUTUSAN PENENTUAN SISWA BERPRESTASI MENGGUNAKAN SIMPLE MULTI ATTRIBUTE RATING TECHNIQUE BERBASIS WEB;Sistem Pendukung Keputusan;2;1
860;RANCANG BANGUN SISTEM PARKIR CERDAS BERBASIS INTERNET OF THINGS MENGGUNAKAN KODULAR APP CREATOR;Intelligent System and Control/IoT;2;1
861;RANCANG BANGUN APLIKASI REKOMENDASI DAN LARANGAN MAKANAN BERDASARKAN JENIS PENYAKIT DENGAN METODE FORWARD CHAINING;Artificial Intelligence;2;1
862;PERANCANGAN SISTEM INFORMASI PEMBELAJARAN IT BERBASIS WEB UKM NIPHAZ DIPLOMA CLUB;E-Bisnis;1;1
863;PERANCANGAN SISTEM OTOMASISASI PENGENDALIAN AIR BERSIH MENGGUNAKAN TURBIDITY SENSOR BERBASIS INTERNET OF THINGS;Intelligent System and Control/IoT;2;1
864;RANCANG BANGUN SISTEM PAKAR PENYAKIT LAMBUNG MENGGUNAKAN METODE FORWARD CHAINING BERBASIS ANDROID;Artificial Intelligence;2;1
865;IMPLEMENTASI DATA MINING UNTUK MENU TERLARIS KFC MENGGUNAKAN METODE K-MEANS CLUSTERING;Data Mining;1;1
866;PERANCANGAN APLIKASI PEMASARAN DAN PENJUALAN UKM KERAJINAN MASYARAKAT KEC. LEMBANG BERBASIS WEB;E-Commerce;1;1
867;APLIKASI GAME EDUKASI PENGENALAN RAGAM BUDAYA INDONESIA BERBASIS WEB;Artificial Intelligence;2;1
868;PERANCANGAN GAME PENDIDIKAN KARAKTER PADA ANAK USIA DINI BERBASIS WEB;Artificial Intelligence;2;1
869;IMPLEMENTASI ALGORTIMA KNUTH MORRIS PRATT DALAM FITUR PENCARIAN JUDUL BERKAS ARSIP KEUANGAN BERBASIS WEB;Artificial Intelligence;2;1
870;PEMBUATAN APLIKASI EDUKASI GERAKAN SENI BELADIRI KARATE BERBASIS ANDROID;Artificial Intelligence;2;1
871;RANCANG BANGUN SISTEM MONITORING KONDISI AIR KOLAM RENGAN BERBASIS IoT;Intelligent System and Control/IoT;2;1
872;PEMETAAN SISTEM INFORMASI DAERAH RAWAN BANJIR DI MAKASSAR BERBASIS BERBASIS GEOGRAPHIC INFORMATION SYSTEM;Sistem Terdistribusi (Web Service);2;1
873;IMPLEMENTASI METODE DOUBLE MOVING AVERAGE PADA APLIKASI PREDIKSI PENJUALAN MOBIL BERBASIS WEB;Data Mining;1;1
874;PENERAPAN METODE SAW DALAM PENDATAAN DAFTAR URUT KEPANGKATAN (DUK) PADA SISTEM KEPEGAWAIAN KANTOR DPRD PROV SULSEL;Sistem Pendukung Keputusan;3;1
875;IMPLEMENTASI ALGORITMA KRIPTOGRAFI CAESAR CIPHER DAN TWOFISH PADA APLIKASI KEAMANAN INFORMASI DOKUMEN;Keamanan Komputer dan Informasi;1;1
876;ANALISIS POLA PEMILIHAN MENU MAKANAN PELANGGAN UMKM REZKY MENGGUNAKAN ALGORITMA APRIORI;Artificial Intelligence;2;1
877;PERANCANGAN APLIKASI UNTUK MENDETEKSI KERUMUNAN ORANG PADA VIDEO DIGITAL BERBASIS WEB DAN CLOUD SERVER;Artificial Intelligence;2;1
878;RANCANG BANGUN APLIKASI INVENTARIS KELOMPOK TANI DESA RANTE MARIO MENGGUNAKAN FRAMEWORK LARAVEL;Sistem Terdistribusi (Web Service);2;1
879;PENERAPAN METODE TOPSIS PADA APLIKASI PENGALOKASIAN DANA DESA BERBASIS WEB PADA DESA BATETANGNGA;Sistem Pendukung Keputusan;1;1
880;PENERAPAN APLIKASI PENGENALAN TANAMAN OBAT HERBAL KELUARGA BERBASIS ANDROID;Sistem Terdistribusi (Web Service);1;1
881;IMPLEMENTASI METODE MAXIMUM LIMITATION FACTOR PADA SISTEM PAKAR PENENTUAN MUSIM TANAM DAN LOKASI PEMBIBITAN CABE;Artificial Intelligence;2;1
882;PEMESANAN OBAT BERBASIS LOKASI TERDEKAT PADA APOTEK K24;E-Commerce;3;1
883;PERANCANGAN SISTEM INFORMASI PENGADUAN LAYANAN MASYARAKAT PADA KELURAHAN LALENGBATA PINRANG BERBASIS WEB;Sistem Terdistribusi (Web Service);1;1
884;PERANCANGAN APLIKASI OPTIMASI JALUR PENJUALAN SARI ROTI BERBASIS WEB MENGGUNAKAN METODE VEHICLE ROUTING PROBLEM (VRP);Data Mining;1;1
885;IMPLEMENTASI DAN ANALISIS KEAMANAN DATA PADA XML WEB SERVICES DENGAN ENKRIPSI MENGGUNAKAN SOAP;Keamanan Komputer dan Informasi;2;1
886;IMPLEMENTASI METODE TREND MOMENT DALAM APLIKASI PREDIKSI JUMLAH PENJUALAN DAN KEUNTUNGAN TOKO FERN MAKASSAR;Artificial Intelligence;2;1
887;DESAIN USER INTERFACE/USER EXPERIENCE PADA SISTEM INFORMASI RAWAT JALAN PUSKESMA SAMATA;UI/UX Desain;3;1
888;PERANCANGAN SISTEM AUTOMATIC ESSAY SCORING PADA KEASLIAN BERITA REDAKSI MAKASSAR TERKINI MENGGUNAKAN COSINE SIMILARITY BERBASIS WEB;Data Mining;1;1
889;PERANCANGAN APLIKASI DISTRIBUSI OBAT HERBAL CV HERBAL MEDICINE STORE DI KOTA MAKASSAR BERBASIS WEB;E-Commerce;1;1
890;PERANCANGAN APLIKASI DAN ANALISIS KUALITAS PELAYANAN PENGURUSAN BPJS KETENAGAKERJAAN DENGAN METODE CUSTOMER SATISFICATION INDEX (CSI) BERBASIS WEB;Data Mining;1;1
891;SISTEM INFORMASI REKALPITULASI DAN MONITORING DATA KOPERASI BERBASIS WEB PADA DINAS KOPERASI DAN UKM PROV. SULSEL;Sistem Terdistribusi (Web Service);3;1
892;PENERAPAN METODE TEXT MINING TF-IDF UNTUK KLASIFIKASI SENTIMEN PENGGUNAAN PAY LATER PADA BELANJA ONLINE DI MEDIA SOSIAL TWITTER;Data Mining;1;1
893;PENERAPAN SENTIMEN ANALISIS TERHADAP FENOMENA RATUSAN CPNS MENGUNDURKAN DIRI PADA OPINI DI TWITTER MENGGUNAKAN ALGORITMA K-NEAREST NEIGHBOR (K-NN);Data Mining;1;1
894;PERANCANGAN SISTEM PENDUKUNG KEPUTUSAN ATLIT SIAP TURNAMEN MENGGUNAKAN METODE AHP;Sistem Pendukung Keputusan;1;1
895;ANALISA KERANJANG BELANJA PELANGGAN UNTUK PENENTUAN PRODUK CROSS SELLING DENGAN METODE CT-PRO;Data Mining;1;1
896;SISTEM KLASIFIKASI PENEMPATAN PELATIHAN KERJA DENGAN METODE K-NEAREST NEIGHBOR DAN TOPSIS;Sistem Pendukung Keputusan;1;1
897;PERANCANGAN APLIKASI ABSENSI BERBASIS LOKASI DAN ANDROID UNTUK PERHITUNGAN TUNJANGAN KINERJA PEGAWAI PADA KANTOR DESA GALESONG BARU;Sistem Terdistribusi (Web Service);3;1
898;PERANCANGAN SISTEM INFORMASI KURSUS ONLINE BERBASIS WEB;E-Bisnis;1;1
899;IMPLEMENTASI ALGORITMA KNUTH MORRIS PRATT DALAM PERANCANGAN SISTEM PEMBELAJARAN QUERY SQL;Data Mining;1;1
900;PERANCANGAN SISTEM INFORMASI E-KOST PADA KOTA MAKASSAR BERBASIS WEB;E-Commerce;3;1
901;SISTEM PENUNJANG KEPUTUSAN PENENTUAN PEMESANAN PRODUK KECANTIKAN BERBASIS WEB PADA KHALISA KOSMETIC;Sistem Pendukung Keputusan;3;1
902;APLIKASI PERAMALAN TERGETING DATA PENJUALAN MANAJER DAN SUPERVISOR PADA PT VERILYA JAYA SEJAHTERA MENGGUNAKAN METODE FORCASSETING MOVING BERBASIS ANDROID;Artificial Intelligence;2;1
903;PERANCANGAN APLIKASI PENGELOLA ANGGARAN BERBASIS WEB PADA PENGADILAN AGAMA MAKASSAR KELAS 1A;Sistem Terdistribusi (Web Service);2;1
904;PERANCANGAN SISTEM INFORMASI EDUKASI PENDAFTARAN UMROH PADA PT. MAHARANI TOURS BERBASIS ANDROID;E-Bisnis;1;1
905;IMPLEMENTASI METODE WEIGHTED PRODUCT DALAM PENENTUAN SPESIFIKASI LAPTOP BERDASRKAN KEBUTUHAN MAHASISWA;Sistem Pendukung Keputusan;2;1
906;PERANCANGAN SISTEM INFORMASI UJIAN DARING PADA SEKOLAH UPT SPF SD INPRES TAMALANREA 4 BERBASIS WEB;Sistem Terdistribusi (Web Service);2;1
907;SISTEM KEGIATAN PERENCANAAN PELAPORAN BERITA BERBASIS WEB PADA DINAS KOMINFO PROVINSI SULSEL;Sistem Terdistribusi (Web Service);3;1
908;PERANCANGAN SISTEM INFORMASI PENERIMAAN PESERTA DIDIK BARU BERBASIS WEB PADA TK NURUTAQWA MAKASSAR;Sistem Terdistribusi (Web Service);3;1
909;PERANCANGAN APLIKASI EDUKASI KESEHATAN KERJA PADA PROFESI INFORMATION AND TECHNOLOGY (IT) BERBASIS ANDROID;E-Bisnis;1;1
910;RANCANG BANGUN APLIKASI RESERVASI DAN PEMESANAN PADA CAFE ROPPANG PLUS PLUS (RPP) BERBASIS WEB;E-Commerce;1;1
911;RANCANG BANGUN SISTEM MONITORING AREA PARKIR PADA 2 ATAU LEBIH LOKASI PARKIR BERBEDA BERBASIS ANDROID;Intelligent System and Control/IoT;2;1
912;RANCANG BANGUN SISTEM PENILAIAN KEPUASAN PELANGGAN TERHADAP PELAYANAN HOTEL BERBASIS APLIKASI MOBILE MENGGUNAKAN METODE CUSTOMER SATISFACTON INDEX (CSI);Data Mining;1;1
913;IMPLEMENTASI METODE RANDOMIZED BINARY SEARCH (RBS) PADA QUESTION SHUFFLE QUIZ EVALUATION PADA APLIKASI KAMUS FISIKA KLASIK;Data Mining;1;1
914;PERANCANGAN APLIKASI KAS MASUK DAN KAS KELUAR PADA TOKO BILAL BERBASIS WEB;E-Bisnis;3;1
915;PERANCANGAN APLIKASI PUTAPRAYER NOTE SEDERHANA BERBASIS ANDROID;Sistem Terdistribusi (Web Service);2;1
916;PERANCANGAN APLIKASI DEVELOPER PROPERTI BERBASIS WEB SERVICE;Sistem Terdistribusi (Web Service);2;1
917;SISTEM INFORMASI GEOGRAFIS (SIG) SEBARAN FASILITAS UMUM DI KABUPATEN PANGKEP BERBASIS WEBGIS;Sistem Terdistribusi (Web Service);3;1
918;ANALISIS PERBANDINGAN METODE TSUKAMOTO DENGAN REGRESI LENIER BERGANDA DALAM PERAMALAN JUMLAH PRODUKSI KOPI;Artificial Intelligence;2;1
919;IMPLEMENTASI ARSITEKTUR RESTFUL WEB SERVICE MENGGUNAKAN FRAMEWORK EXPRESS PADA APLIAKSI ARSIP MEDIA BERBASIS NUXT;Sistem Terdistribusi (Web Service);2;1
920;ANALISIS SENTIMEN TERHADAP KENAIKAN HARGA BBM MENGGUNAKAN METODE NAÏVE BAYES;Artificial Intelligence;2;1
921;PERANCANGAN GAME INTERAFTIF PENGENLAN BUDAYA MAKASSAR MENGGUNAKAN UNITY 3D;Artificial Intelligence;2;1
922;OPTIMASI PRODUKSI MIE BASAH MENGGUNAKAN METODE CROWN SEARCH ALGORITMH;Artificial Intelligence;2;1
923;ANALISIS MINAT KEIKUTAERTAAN MAHASISWA UNIVERSITAS DIPA MAKASSAR TERHADAP PROGRAM MBKM DENGAN METODE ANALITYCAL HIERARCHI PROCESS;Artificial Intelligence;2;1
924;PENGEMBANGAN APLIKASI WEBSITE PEMBELIAN TIKET BUS ONLINE (E-TICKETING) MENGGUNAKAN WEB SERVICES;E-Commerce;2;1
925;PERANCANAGN APLIKASI SISTEM SIMULASI PENEMPATAN POSISI PARKIR OTOMATIS BERBASIS DESKTOP MENGGUNAKAN ALGORITMA DJIKSTRA;Artificial Intelligence;2;1
926;SISTEM PAKAR DIAGNOSA PENYAKIT KELAMIN MENGGUNAKAN ALGORITMA A*(STAR);Artificial Intelligence;2;1
927;ANALISIS SENTIMEN CYBERBULLYING PADA 'TIKTOK' MENGGUNAKAN METODE LONG SHORT TERM MEMORY;Artificial Intelligence;2;1
928;PERANCANGAN APLIKASI PENGELOLAAN ARSIP PADA SATKER BID TEK POLDA SUL-SEL MENGGUNAKAN ALGORITMA BINARY SEARCH;Sistem Terdistribusi (Web Service);2;1
929;ANALISIS TREND UNTUK HASHTAG PENIPUAN PADA INSTAGRAM MENGGUNAKAN METODE NAÏVE BAYES CALSSIFIER;Artificial Intelligence;2;1
930;PENGARUH PENERAPAN STHOCASTIC GRADIENT DESCENT DAN ADAM OPTIMIZER PADA HYPERPARAMETER TUNING UNTUK KLASIFIKASI PENYAKIT TANAMAN UBI KAYU;Artificial Intelligence;2;1
931;ANALISIS PENGELOMPOKAN DAERAH PRODUKSI KAKO DI PROVINSI SULAWESI SELATAN MENGGUNAKAN METODE K-MEDOIDS PADA RAPID MINER;Artificial Intelligence;2;1
932;PENGEMBANGAN SISTEM PEMBAYARAN PAJAK BUMI DAN BANGUNAN MENGGUNAKAN E-PAYMENT QRIS DIKABUPATEN MAROS;E-Bisnis;1;1
933;PERANCANGAN APLIKASI VIRTUAL TOUR PANORAMA SEBAGAI MEDIA INFORMASI WISATA DI KABUPATEN BULUKUMBA;E-Bisnis;1;1
934;ANALISIS KEPUASAN MASYARAKAT KOTA MAKASSAR TERHADAP PELAYANAN ANGKUTAN TEMAN BUS TRANS MAMMINASATA MENGGUNAKAN METODE SERVICE QUALITY;Data Mining;1;1
935;PENGEMBANGAN APLIKASI SISTEM INFORMASI ORGANISASI DAKWAH PADA HILMI (hilmi.or.id) MAKASSAR BERBASIS ANDROID;Sistem Terdistribusi (Web Service);2;1
936;INDENTIFIKASI POLA PEMINATAN SISWA SMK SETELAH MENYELESAIKAN STUDI MENGGUNAKAN ALGORITMA CONVOLUTION NEURAL NETWORK;Artificial Intelligence;2;1
937;PERANCANGAN ANTAR MUKA APLIKASI PUSKESMAS MAKALE BERBASIS ANDROID MENGGUNAKAN METODE HUAN CENTERED DESIGN;Sistem Terdistribusi (Web Service);2;1
938;APLIKASI PENJUALAN AYAM POTONG BERBASIS WEB DAN LOCATION BASED SERVICE (LBS) PADA UD. SYAM BROILER;E-Commerce;2;1
939;IMPLEMENTASI METODE HYBRID FILTERING TECHNIQUE DALAM MEREKOMENDASIKAN PESTISIDA UNTUK PENYAKIT TANAMAN PADI;Artificial Intelligence;2;1
940;SISTEM PENUNJANG KEPUTUSAN SELEKSI PENERIMAAN MAHASISWA BARU PADA STMIK PROFESIONAL MENGGUNAKAN ALGORITMA C5.0 BERBASIS WEBSERVICE;Artificial Intelligence;2;1
941;ANALISIS SENTIMEN PADA ULASAN GOOGLE PLAY APLIKASI MYPERTAMINA MENGGUNAKAN METODE SVM (SUPPORT VECTOR MACHINE);Artificial Intelligence;2;1
942;ANALISIS MINING DAN STAKING SYSTEM PADA CRYPTOCURRENCY BITCOIN DAN TRON;Artificial Intelligence;2;1
943;PEMBUATAN PROTOTYPE ALAT PEMBERI PAKAN KUCING BERBASIS INTERNET OF THINGS DENGAN MIKROKONTROLER NODEMCU;Intelligent System and Control/IoT;2;1
944;PENGEMBANGAN APLIKASI PENDETEKSI KANDUNGAN BERBAHAYA/HARAM PADA PRODUK SKINCARE MENGGUNAKAN ALGORITMA BOYER-MOORE BERBASIS ANDROID;Artificial Intelligence;2;1
945;RANCANG BANGUN SISTEM PENDETEKSI KEBAKARAN DAN MONITORING KONDISI GUDANG MENGGUNAKAN NODEMCU ESP8266 BERBASIS IoT;Intelligent System and Control/IoT;2;1
946;PERANCANGAN APLIKASI WEB PELAPORAN MAHASISWA UNTUK MENDIAGNOSIS KEGAGALAN SISTEM PADA SIAKA MENGGUNAKAN METODE FORWARD CHAINING;Artificial Intelligence;2;1
947;PERANCANGAN APLIKASI ORDER PAPERLESS DENGAN TEKNOLOGI QR CODE BERBASIS WEBSERVICE PADA RESTORAN;Sistem Terdistribusi (Web Service);2;1
948;SISTEM REKOMENDASI PEMILIHAN LOKASI RUANG KERJA BERSAMA SESUAI KEBUTUHAN BERBASIS PETA DIGITAL DENGAN METODE FUZZY AHP;Sistem Pendukung Keputusan;1;1
949;ANALISA PENGARUH KEAKTIFAN MAHASISWA UNDIPA DALAM ORGANISASI UKM TERHADAP PRESTASI AKADEMIK MENGGUNAKAN ALGORITMA NAIVE BAYES;Data Mining;1;1
950;PERANCANGAN SISTEM PEMBERITAHUAN DAN PERINGATAN MAHASISWA AKAN DIDROP OUT MENGGUNAKAN METODE RULE BASED SYSTEM PADA UNIVERSITAS DIPA MAKASSAR;Sistem Pendukung Keputusan;1;1
951;EVALUASI TEKNOLOGI IDENTIFIKASI WAJAH DI BERBAGAI KONDISI PENCAHAYAAN DAN PENGGUNAAN AKSESORIS WAJAH;Data Analyst;1;1
952;KLASIFIKASI INVESTASI UNTUK MEMINIMALISASI RESIKO INVESTASI KOPI MENGGUNAKAN ALGORITMA NAÏVE BAYES DI SULAWESI SELATAN;Artificial Intelligence;2;1
953;PENERAPAN METODE SIMPLE MULTI ATTRIBUTE RATING TECHNIQUE (SMART) DALAN PENENTUAN PENERIMA BLT DI DESA MINANGA;Artificial Intelligence;2;1
954;PENERAPAN METODE COPRAS PADA SISTEM PENUNJANG KEPUTUSAN MENENTUKAN SUPPLIER SUKU CADANG TERBAIK BERBASIS WEB;Artificial Intelligence;2;1
955;ANALISIS PERBANDINGAN METODE AHP DAN SAW PADA SISTEM PENENTUAN KINERJA KARYAWAN RS HERMINA MAKASSAR;Artificial Intelligence;2;1
956;ANALISIS PENGARUH ALGORITMA STOPWORDS DAN STEMMER TERHADAP MODEL INFORMATION RETRIEVAL PADA ARTIKEL BERITA MENGGUNAKAN VECTOR SPACE MODEL (VSM);Artificial Intelligence;2;1
957;PENERAPAN METODE SINGLE MOVING AVERAGE UNTUK MENENTUKAN JUMLAH PRODUKSI BRAND MABELLO;Artificial Intelligence;2;1
958;IMPLEMENTASI KERANGKA NODE JS PADA APLIKASI CHATTING WHATSAPP CHATBOT PADA KLINIK INGGIT MEDICAL CENTER;Artificial Intelligence;2;1
959;PENERAPAN ALGORITMA K-MEANS UNTUK CLUSTERING BIDANG ILMU DOSEN SESUAI BASIS DATA PENELITIAN TERINTEGRASI DENGAN GOOGLE SCHOLAR;Artificial Intelligence;2;1
960;APLIKASI MONITORING KEHADIRAN DAN LAPORAN HARIAN SECURITY PT. SEMEN TONASA MENGGUNAKAN QR QODE BERBASIS WEB;Sistem Terdistribusi (Web Service);2;1
961;SISTEM PENGAMBILAN KEPUTUSAN UNTUK PENGELOMPOKAN SISWA MENGGUNAKAN LOGIKA FUZZY MAMDANI;Artificial Intelligence;2;1
962;RANCANG BANGUN SISTEM PENYORTIR KUALITAS TELUR BERBASIS MIKROKONTROLER;Intelligent System and Control/IoT;2;1
963;APLIKASI PANDUAN PEMILIHAN UKM UNIVERSITAS MAKASSAR MENGGUNAKAN METODE SAW;Sistem Pendukung Keputusan;2;1
964;PERANCANGAN APLIKASI PENJUALAN DENGAN METODE CROSS SELLING MENGGUNAKAN ALGORITMA GREEDY;Artificial Intelligence;2;1
965;PEMANFAATAN FRAMEWORK CODEIGNEIR DALAM PENGEMBANGAN APLIKASI KESEHATAN GIZI ANAK BERBASIS ANDROID;Sistem Terdistribusi (Web Service);2;1
966;PERANCANGAN APLIKASI PENGELOLAAN TRANSAKSI ANINDI LAUNDRY BERBASIS DESKTOP;Sistem Terdistribusi (Web Service);2;1
967;ANALISIS FAKTOR PEMILIHAN KARTU GSM PRABAYAR PADA KALANGAN MAHASISWA DENGAN METODE FUZZY AHP;Sistem Pendukung Keputusan;2;1
968;RANCANG BANGUN APLIKASI PERTANIAN BERBASIS WEB PADA BADAN PENYULUHAN PETANIAN DENGAN MENGGUNAKAN ALGORITMA APRIORI;Artificial Intelligence;2;1
969;KOMPARASI METODE WP DAN ,ETODE SAW UNTUK SELEKSI PENERIMA BEASISWA PADA ASRAMA LANNY JAYA PURA;Artificial Intelligence;2;1
970;IMPLEMENTASI ALGORITMA NAÏVE BAYES UNTUK MENGUKUR KEPUASAN PELANGGAN CAFÉ;Artificial Intelligence;2;1
971;PENYELESAIAN MASALAH KNAPSACK UNTUK PENGANGKUTAN BARANG DENGAN ALGORITMA BRANCH AND BOUND;Artificial Intelligence;2;1
972;REKAYASA SISTEM OPERASI BERBASIS GUI MENGGUNAKAN METODE REMASTERING;Sistem Terdistribusi (Web Service);2;1
973;TRASHMART : SISTEM APLIKASI JARINGAN DAUR ULANG SAMPAH BERBASIS ANDROID;Sistem Terdistribusi (Web Service);2;1
974;IMPLEMENTASI API WEBSERVICE PADA SISTEM PRESENSI MAHASISWA UNIVERSITAS DIPA MAKASSAR BERBASIS WEB DAN MOBILE MENGGUNAKAN QRCODE;Sistem Terdistribusi (Web Service);2;1
975;ANALISIS PERFORMANSI ALGORITMA Z DAN ALGORIMA OPRIMASI NAÏVE SEARCH MATCHING PADA SEARCH PATTERN DOKUMEN KOMPLEKS BERBASIS TEXT;Artificial Intelligence;2;1
976;ANALISIS EFISIENSI DAN EFEKTIVITAS APLIKASI PEMAGANGAN SEBAGAI LOG BOOK KEGIAATN MENGGUNAKAN METODE EUCS;Sistem Terdistribusi (Web Service);2;1
977;KOMPARASI METODE MULTIPLICATIVE DAN ,ETODE LCM DALAM PENGACAKAN SOAL UJIAN ONLINE BERBASIS WEB I STUDI KASUS PADA SMA 21 MAKASSAR );Artificial Intelligence;2;1
978;GAME EDUKASI QUIS TEBAK GAMBAR NAMA-NAMA HEWAN DALAM BAHASA INGGRIS DENGAN CONSTRACK 2 BERBASIS ANDROID;Artificial Intelligence;2;1
979;ANALISIS PENGARUH USER INTERFACE E-LEARNING TERHADAP MINAT BELAJAR SISWA SMA MENGGUNAKAN HEURISTICS OF RESPONSIVE WEB DESIGN DAN USER CENTERED DESIGN;Sistem Terdistribusi (Web Service);2;1
980;APLIKASI KEAMANAN SURAT DIGITAL DENGAN PENERAPAN TANDA TANGAN DIGITAL DENGAN METODE HASH MD5 BERBASIS QRCODE;Keamanan Komputer dan Informasi;2;1
981;PERANCANGAN APLIKASI SELEKSI KEAKTIFAN ANGGOTA BARU UKM NIPHAZ DIPLOMA CLUB MENGGUNAKAN METODE FUZZY TSUKAMOTO BERBASIS WEB;Sistem Pendukung Keputusan;2;1
982;PERANCANGAN APLIKASI PRESENSI ANAK PKL DI KANTOR BKN MAKASSAR MENGGUNAKAN FACE RECOGNITION;Artificial Intelligence;2;1
983;RANCANG BANGUN ALAT PENJUALAN KOMODITAS PANGAN OTOMATIS DENGAN PEMBAYARAN MENGGUNAKAN RFID;Intelligent System and Control/IoT;2;1
984;PENERAPAN METODE REGRESI LINEAR BERGANDA UNTUK PERAMALAN PENJUALAN PADA TOKO RINA CAHAYA SURYA;Artificial Intelligence;2;1
985;PERANCANGAN GAME EDUKASI PENGENALAN PAKAIAN ADAT NUSANTARA (CULTURE ZONE) MENGGUNAKAN MULTIMEDIA DEVELOPMENT LIFE CYCLE;Artificial Intelligence;2;1
986;APLIKASI PENJADWALAN KHATIB MENGGUNAKAN ALGORITMA GENETIKA BERBASIS WEBSERVICE;Artificial Intelligence;2;1
987;STUDI IMPLEMENTASI METODE PROMETHEE DALAM MENENTUKAN LULUSAN MAHASISWA TERBAIK;Artificial Intelligence;2;1
988;WEB SERVICE UNTUK INTEGRASI SISTEM INFORMASI AKADEMIK DAN PERPUSTAKAAN UNIVERSITAS DIPA MAKASSAR;Sistem Terdistribusi (Web Service);2;1
989;IMPLEMENTASI ALGORITMA K-NEAREST NEIGHBOR UNTUK DETEKSI DINI KECANDUAN GAME PADA SISWA MADRASAH IBTTIDAIYAH SWASTA (MIS) DARIL HIKMAH WATAMPONE;Artificial Intelligence;2;1
990;KOMPARASI ALGORITMA DECISION TREE;Artificial Intelligence;2;1
991;SISTEM PENDUKUNG KEPUTUSAN PENENTUAN PEMASOK RUMPUT LAUT TERBAIK PADA KOSPERMINDO MENGGUNAKAN METODE SIMPLE ADDITIVE WEIGHTING (SAW);Sistem Pendukung Keputusan;1;1
992;SISTEM PENYEWAAN JASA MAKEUP;E-Commerce;1;1
993;RANCANG BANGUN APLIKASI SISTEM INFORMASI PROFILE BISNIS DENGAN CONTENT MANAGEMENT SYSTEM;E-Bisnis;1;1
994;PERANCANGAN SISTEM INFORMASI PERSEBARAN OBJEK TEMPAT KKL MENGGUNAKAN METODE K-MEANS;Data Mining;1;1
995;PERANCANGAN SISTEM KELAYAKAN PROGRAM PROMOSI MOTOR DENGAN METODE SMARTER;Sistem Pendukung Keputusan;1;1
996;IMPLEMENTASI METODE ANALITYC HIERARCHY PROCCES (AHP) DALAM MENENTUKAN KINERJA ANGGOTA POLRI;Sistem Pendukung Keputusan;1;1
997;PERANCANGAN APLIKASI SISTEM INFORMASI PADA PROGRAM STUDI SISTEM INFORMASI UNIVERSITAS DIPA MAKASSAR BERBASIS ANDROID WEBVIEW;Sistem Terdistribusi (Web Service);1;1
998;PERANCANGAN MARKETPLACE PRODUK BAHAN BANGUNAN MENGGUNAKAN ALGORITMA STRING MATCHING BERBASIS WEB;E-Commerce;2;1
999;ANALISIS SENTIMEN UNTUK MENDETEKSI TINGKAT DEPRESI PADA PENGGUNA MEDIA SOSIAL TWITTER MENGGUNAKAN METODE K-NEAREST NEIGHBOR;Artificial Intelligence;2;1
1000;ANALISIS SENTIMEN KOMENTAR YOUTUBE MENGENAI LGBT DI INDONESIA MENGGUNAKAN ALGORITMA NAÏVE BAYES CLASSIFIER;Artificial Intelligence;2;1
1001;PERANCANGAN GAME EDUKASI KISAH 25 NABI SEBAGAI MEDIA PEMBELAJARAN ANAK BERBASIS ANDROID;Artificial Intelligence;2;1
1002;PENGGUNAAN METODE FORWARD CHAINING UNTUK MENDIAGNOSIS KERUSAKAN MOTOR VESPA KLASIK BERBASIS WEB PADA BENGKEL MOTOR SKUTER OMBUR;Intelligent System and Control/IoT;2;1
1003;ANALISIS KOMBINASI ALGORITMA ONE TIME PAD AND VIGENERE CIPHER UNTUK KEAMANAN DATA TEKS;Keamanan Komputer dan Informasi;2;1
1004;PERANCANGAN APLIKASI KEGIATAN DAN PELAPORAN KEUANGAN BERBASIS WEB PADA GEREJA KATOLIK ST. PAULUS TELLO;Sistem Terdistribusi (Web Service);2;1
1005;IMPLEMENTASI WEB SERVICE PADA SISTEM DIAGNOSA PENYAKIT ANAK DENGAN PENGGABUNGAN METODE NAIVES BAYES & FORWARD CHAINING;Sistem Terdistribusi (Web Service);2;1
1006;PENGEMBANGAN APLIKASI SMART OFFICE DI PEMERINTAH PROVINSI SULAWESI SELATAN;Intelligent System and Control/IoT;2;1
1007;IMPLEMENTASI ALGORITMA FP GROWTH UNTUK MENENTUKAN POLA PEMINJAMAN BUKU DI PERPUSTAKAAN UNIVERSITAS DIPA MAKASSAR;Artificial Intelligence;2;1
1008;RANCANG KIPAS OTOMATIS MENGGUNAKAN SENSOR SUHU PADA BAWANG MERAH YANG MEMILIKI SUHU TINGGI;Intelligent System and Control/IoT;2;1
1009;ANALISIS PENENTUAN LOKASI USAHA WARUNG NASI GORENG MENGGUNAKAN METODE ORESTE BERBASIS WEB;Artificial Intelligence;2;1
1010;IMPLEMENTASI ALGORITMA ANT COLONY PADA PERANCANGAN APLIKASI PENJADWALAN SEMINAR PROPOSAL BERBASIS WEB DI UNIVERSITAS DIPA MAKASSAR;Artificial Intelligence;2;1
1011;MEDIA PROMOSI MAKANAN KHAS DI SULAWESI SELATAN BERBASIS GAME BASED LEARNING MENGGUNAKAN METODE COLLISION DETECTION;Artificial Intelligence;2;1
1012;PENERAPAN JARINGAN SYARAF TIRUAN UNTUK PAKET CATERING SESUAI KEBUTUHAN PENGGUNA BERBASIS WEB;Artificial Intelligence;2;1
1013;PENERAPAN ALGORITMA DECISION TREE UNTUK KLASIFIKASI JENIS OBAT BERDASARKAN GOLONGANNYA;Artificial Intelligence;2;1
1014;IMPLEMENTASI METODE HAVERSINE UNTUK MENENTUKAN LOKASI TERDEKAT DALAM SISTEM PENYEWAAN HOMESTAY DI TANJUNG BAYANG MAKASSAR;Intelligent System and Control/IoT;2;1
1015;ANALISA UJI KENDARAAN BERMOTOR (UJI KIR) DENGAN METODE JARINGAN SYARAF TIRUAN BACKPROPAGATION;Artificial Intelligence;2;1
1016;ANALISIS FAKTOR YANG DAPAT MEMPENGARUHI KEPUTUSAN CALON MAHASISWA DALAM MEMILIH PROGRAM STUDI MENGGUNAKAN DEEP LEARNING;Artificial Intelligence;2;1
1017;PEMANFAATAN METODE RAPID APPLICATION DEVELOPMENT DALAM MERANCANG APLIKASI GAME EDUKASI BAHASA INGGRIS UNTUK ANAK SEKOLAH DASAR DI SD INPRES PAROPO;Artificial Intelligence;2;1
1018;PENERAPAN METODE DESIGN THINKING UNTUK PERANCANGAN UI/UX PADA APLIKASI SISTEM PENGELOLAHAN NILAI RAPORT SMPN 26 MAKASSAR;Sistem Terdistribusi (Web Service);2;1
1019;PENERAPAN METODE APRIORI UNTUK REKOMENDASI TATA LETAK BUKU PADA PERPUSTAKAAN UNIVERSITAS DIPA MAKASSAR;Artificial Intelligence;2;1
1020;PENERAPAN METODE CASE-BASED REASONING DALAM MENDETEKSI KEMATANGAN BUAH KELAPA SAWIT;Artificial Intelligence;2;1
1021;PENERAPAN METODE SIMPLE ADDITIVE WEIGHTING DALAM MENYELEKSI PESERTA MAGANG PADA DINAS PERHUBUNGAN PROVINSI SULAWESI SELATAN;Artificial Intelligence;2;1
1022;PERANCANGAN SISTEM JARINGAN VIRTUAL LOCAL AREA NETWORK PADA UNIVERSITAS DIPA MAKASSAR;Perancangan dan Optimasi Jaringan Komputer;2;1
1023;IMPLEMENTASI ALGORITMA APRIORI PADA APLIKASI E-KATALOG VAPE BERBASIS WEB;Artificial Intelligence;2;1
1024;ANALISIS DAN PERANCANGAN UI/UX MENGGUNAKAN METODE USER CENTERED DESIGN (UCD) PADA APLIKASI MARKETPLACE LAPAKJENEPONTO.COM;Sistem Terdistribusi (Web Service);2;1
1025;PROTOTYPE SISTEM PEMANTAUAN DAN PENGENDALIAN METODE TANAM DALAM RUANG BERBASIS IOT (INTERNET OF THINGS);Intelligent System and Control/IoT;2;1
1026;IMPLEMENTASI METODE RANDOM FOREST UNTUK MENENTUKAN PILIHAN JENIS PELATIHAN PADA BALAI LATIHAN KERJA MAKASSAR;Artificial Intelligence;2;1
1027;PEMANFAATAN IOT DALAM PENGONTROLAN KETINGGIAN KENDARAAN PADA UJI KIR UPTD PENGUJIAN KENDARAAN BERMOTOR DISHUB MAKASSAR;Intelligent System and Control/IoT;2;1
1028;RANCANG BANGUN SISTEM KONTROL DAN MONITORING TANAMAN HIDROPONIK BERBASIS IOT (INTERNET OF THINGS);Intelligent System and Control/IoT;2;1
1029;PERBANDINGAN LOGISTIC REGRESSION;Artificial Intelligence;2;1
1030;SISTEM PAKAR PREDIKSI PENYAKIT DIABETES MENGGUNAKAN METODE K-NN BERBASIS ANDROID;Artificial Intelligence;2;1
1031;ANALISIS PERBANDINGAN TINGKAT KEPUASAN PELANGGAN TERHADAP PENGGUNA APLIKASI TRANSPORTASI ONLINE DI LINGKUNGAN UNIVERSITAS DIPA MAKASSAR;Data Analyst;1;1
1032;ANALISIS PENDAPATAN DAN KEPUASAN MITRA PENGEMUDI GOJEK DAN GRAB BERDASARKAN PENGARUH KENAIKAN BBM;Data Analyst;1;1
1033;IMPLEMENTASI METODE PENETRATION TESTING DAN BURP SUITE UNTUK IDENTIFIKASI DAN PENANGANAN WEBSITE VULNERABILITY;Keamanan Komputer dan Informasi;1;1
1034;PERANCANGAN SISTEM INFORMASI PENENTUAN HARGA POKOK PRODUKSI MENGGUNAKAN METODE FULL COSTING;E-Bisnis;1;1
1035;ANALISIS PENGARUH BRAND HANDPHONE BERDASARKAN SURVEY CUSTOMER DARI TAHUN 2012-2022 DENGAN ALGORITMA KLASIFIKASI NAIVE BAYES;Data Mining;1;1
1036;ANALISIS KUANTITATIF SURVEI PENGGUNAAN BOT MUSIC DALAM KOMUNITAS ECLIPSE PADA APLIKASI DISCORD;Data Analyst;1;1
1037;IMPLEMENTASI ALGORITMA DECISION TREE DAN RANDOM FOREST UNTUK PREDIKSI HIPERTENSI PADA PUSKESMAS DESA PUCAK MAROS;Artificial Intelligence;5;1
1038;PENERAPAN WEB SERVICE UNTUK ABSENSI GURU REAL-TIME DAN REKAP NILAI;Sistem Terdistribusi (Web Service);5;1
1039;PEMANFAATAN LAYANAN AWS BERBASIS CLOUD COMPUTING TERINTEGRASI DENGAN MEDIA SOSIAL PADA APLIKASI PENJUALAN HASIL TANI;Cloud Computing;5;1
1040;PENERAPAN WEB SERVICE PADA ABSENSI GURU REAL-TIME DAN REKAP NILAI PADA SMP AL-IHSAN BATULOTONG;Sistem Terdistribusi (Web Service);5;1
1041;PENGGUNAAN MULTIMEDIA INTERAKTIF SEBAGAI MEDIA PEMBELAJARAN;Analisis dan Desain Multimedia;5;1
1042;PENERAPAN METODE K-NEAREST NEIGHBOR DALAM PENENTUAN DIVISI KARYAWAN PADA CV. WAERO WATER INDONESIA;Data Mining;1;1
1043;ANALISIS KESUKSESAN PENGGUNAAN SYSTEM APPLICATION AND PRODUCT (SAP) MENGGUNAKAN METODE UTAUT DAN METODE TAM;Sistem Pendukung Keputusan;1;1
1044;ANALISIS PENGARUH APLIKASI RUANG GURU TERHADAP MOTIVASI DAN PRESTASI BELAJAR SISWA;Data Analyst;1;1
1045;IMPLEMENTASI FRAMEWORK COBIT 5.0 DOMAIN MEA (MONITOR);Sistem Pendukung Keputusan;1;1
1046;SISTEM PENDUKUNG KEPUTUSAN PEMILIHAN PENERIMA BANTUAN LANGSUNG TUNAI DANA DESA (BLT-DD) PADA DESA BENTENG ALLA MENGGUNAKAN METODE ANALITYCAL HIERARCHY PROCESS;Sistem Pendukung Keputusan;1;1
1047;SISTEM PENDUKUNG KEPUTUSAN PENERIMA BANTUAN PROGRAM KELUARGA HARAPAN (PKH) MENGGUNAKAN METODE SIMPLE ADDITIVE WEIGHTING (SAW);Sistem Pendukung Keputusan;1;1
1048;ANALISIS KOMPARATIF ALGORITMA NAIVE DAN ALGORITMA RABIN-KARP PADA METODOLOGI SINGLE SEARCH PATTERN BERBASIS ANDROID;Data Mining;1;1
1049;SISTEM INFORMASI RUTE DAN TRACKING ANGKUTAN KOTA BERBASIS MULTIPLATFORM;Sistem Terdistribusi (Web Service);1;1
1050;IMPLEMENTASI METODE NAÏVE BAYES UNTUK MENENTUKAN ZAT MAKANAN BERBAHAYA BERBASIS WEB;Artificial Intelligence;2;1
1051;PENERAPAN METODE MOORA DAN PROFILE MATCHING DALAM PENENTUAN SISWA BERPRESTASI BERBASIS WEB PADA SMPN MANIANGPAJO;Artificial Intelligence;2;1
1052;KOMPARASI ALGORITMA DECISION TREE;Artificial Intelligence;2;1
1053;ANALISIS SENTIMEN TERHADAP PERSOALAN YANG ADA DI UNIVERSITAS DIPA MAKASSAR;Artificial Intelligence;2;1
1054;IMPLEMENTASI METODE SUPPORT VACTOR MACHINE (SVM) DALAM KLASIFIKASI WARGA PENERIMA BANTUAN PEMERINTAH BERBASIS WEB SERVICE PADA KELURAHAN KAPASA;Artificial Intelligence;2;1
1055;SISTEM PREDIKSI KEBUTUHAN BAHAN BAKU ROTI MENGGUNAKAN ALGORITMA APRIORI;Artificial Intelligence;2;1
1056;PENERAPAN CRM(CUSTOMER RELATIONSHIP MANAGEMENT) UNTUK MENGUKUR LOYALITAS DAN KEPUASAN PELANGGAN MENGGUNAKAN METODE BVALANCE SCORECARD BERBASIS WEB PADA CV. IQRA 99 MAKASSAR;Sistem Terdistribusi (Web Service);2;1
1057;PENERAPAN ALGORITMA SEQUENTIAL SEARCH DALAM PENGOLAHAN DATA PETERNAKAN AYAM BROILER BERBASIS WEB PADA PT. CIOMAS ADISATWA;Artificial Intelligence;2;1
1058;PERANCANGAN APLIKASI PERIZINAN SISWA DI SEKOLAH DENGAN NOTIFIKASI TELEGRAM PADA SMA NEGERI 7 MAKASSAR;Sistem Terdistribusi (Web Service);2;1
1059;ANALISA POLA PEMBELIAN MAKANAN UNTUK KEPERLUAN STOCK OPNAME MENGGUNAKAN METODE FP-GROWTH PADA RUMAH MAKAN DI KOTA MAKASSAR;Artificial Intelligence;2;1
1060;IMPLEMENTASI REPRESENTATIONAL STATE TRANSFER DALAM E-OFFICE BERBASIS WEB SERVICE PADA SATUAN KERJA PENYEDIAAN PERUMAHAN PROVINSI SULAWESI SELATAN;Sistem Terdistribusi (Web Service);2;1
1061;RANCANG BANGUN APLIKASI PENCARIAN JAM KOSONG MAHASISWA BERBASIS WEB SERVICE DI UNIVERSITAS DIPA MAKASSAR MENGGUNAKAN ALGORITMA GENETIKA;Artificial Intelligence;2;1
1062;PERANCANGAN APLIKASI KELAYAKAN REHABILITASI ANAK JALANAN BERBASIS ANDROID PADA DINAS SOSIAL KOTA MAKASSAR DALAM PELAKSANAAN PROGRAM (TRC) SARIBATTANG DENGAN METODE ADDITIVE RATIO ASSESMENT;Artificial Intelligence;2;1
1063;PERANCANGAN APLIKASI DAN MONITORING AKTIVITAS KEGIATAN EKSTRAKULIKULER DENGAN INTEGRASI WEB SERVICE SIAKA UNIVERSITAS DIPA MAKASSAR;Sistem Terdistribusi (Web Service);2;1
1064;RANCANGAN SISTEM INFORMASI E-RAPORT SISWA BERBASIS WEB MENGGUNAKAN ALGORITMA SELECTION SORTR;Sistem Terdistribusi (Web Service);2;1
1065;RANCANG BANGUN APLIKASI RESERVASI KAMAR HOTEL BERBASIS WEB DENGAN METODE PAYMENT GATEWAY MENGGUNAKAN FRAMEWORK LARAVEL;Sistem Terdistribusi (Web Service);2;1
1066;PENERAPAN ALGORITMA K-MEANS LEARNING DALAM PERANCANGAN SISTEM INFORMASI PENENTUAN STATUS GIZI BALITA;Artificial Intelligence;2;1
1067;PERBANDINGAN AKURASI ALGORITMA KLASIFIKASI PADA ANALISIS DATA SET KUISIONER DENGAN SKALA LIKERT;Artificial Intelligence;2;1
1068;SISTEM MANAJEMEN PENGELOLAAN KEPUASAN PELANGGAN DENGAN METODE CUSTOMER EFFORT SCORE BERBASIS MOBILE;Sistem Terdistribusi (Web Service);2;1
1069;PENGEMBANGAN ALAT PENDETEKSI KETINGGIAN AIR DENGAN PEMBERIAN NOTIFIKASI MENGGUNAKAN METODE FUZZY LOGIC BERBASIS IOT;Intelligent System and Control/IoT;2;1
1070;PENERAPAN METODE DATA MINING KLASIFIKASI NAÏVE BAYES DAN REGRESI LINIER BERGANDA UNTUK PEMETAAN JENIS BANTUAN EKONOMI;Artificial Intelligence;2;1
1071;ANALISA KEBUTUHAN KONSUMEN TERHADAP PENAWARAN PROGRAM PERBANKAN BANK BTN MENGGUNAKAN METODE SUGENO;Artificial Intelligence;2;1
1072;IMPLEMENTASI ALGORITMA MFEP DAN AHP DALAM PEMILIHAN CALON PENERIMA BEASISWA PIP;Artificial Intelligence;2;1
1073;IMPLEMENTASI LOGIKA FUZZY DALAM MEMPREDIKSI KEBUTUHAN JUMLAH TENAGA KERJA KONTRAK (OUTSOURCING) PADA RS HERMINA MAKASSAR;Artificial Intelligence;2;1
1074;EVALUASI PERFORMA WEBSITE DIVLEARNING UNDIPA MENGGUNAKAN AUTOMATED SOFTWARE TESTING GTMETRIX DENGAN METODE STRESS TEST DAN PIECES;Keamanan Komputer dan Informasi;2;1
1075;ANALISIS PERBANDINGAN METODE TSUKAMOTO DENGAN REGRESI LENIER BERGANDA DALAM PERAMALAN JUMLAH PRODUKSI KOPI;Artificial Intelligence;2;1
1076;IMPLEMENTASI ARSITEKTUR RESTFUL WEB SERVICE MENGGUNAKAN FRAMEWORK EXPRESS PADA APLIAKSI ARSIP MEDIA BERBASIS NUXT;Sistem Terdistribusi (Web Service);2;1
1077;ANALISIS SENTIMEN TERHADAP KENAIKAN HARGA BBM MENGGUNAKAN METODE NAÏVE BAYES;Artificial Intelligence;2;1
1078;PERANCANGAN GAME INTERAFTIF PENGENLAN BUDAYA MAKASSAR MENGGUNAKAN UNITY 3D;Artificial Intelligence;2;1
1079;OPTIMASI PRODUKSI MIE BASAH MENGGUNAKAN METODE CROWN SEARCH ALGORITMH;Artificial Intelligence;2;1
1080;ANALISIS MINAT KEIKUTAERTAAN MAHASISWA UNIVERSITAS DIPA MAKASSAR TERHADAP PROGRAM MBKM DENGAN METODE ANALITYCAL HIERARCHI PROCESS;Artificial Intelligence;2;1
1081;PENGEMBANGAN APLIKASI WEBSITE PEMBELIAN TIKET BUS ONLINE (E-TICKETING) MENGGUNAKAN WEB SERVICES;Sistem Terdistribusi (Web Service);2;1
1082;PERANCANAGN APLIKASI SISTEM SIMULASI PENEMPATAN POSISI PARKIR OTOMATIS BERBASIS DESKTOP MENGGUNAKAN ALGORITMA DJIKSTRA;Artificial Intelligence;2;1
1083;SISTEM PAKAR DIAGNOSA PENYAKIT KELAMIN MENGGUNAKAN ALGORITMA A*(STAR);Artificial Intelligence;2;1
1084;ANALISIS SENTIMEN CYBERBULLYING PADA 'TIKTOK' MENGGUNAKAN METODE LONG SHORT TERM MEMORY;Artificial Intelligence;2;1
1085;PERANCANGAN APLIKASI PENGELOLAAN ARSIP PADA SATKER BID TEK POLDA SUL-SEL MENGGUNAKAN ALGORITMA BINARY SEARCH;Artificial Intelligence;2;1
1086;ANALISIS TREND UNTUK HASHTAG PENIPUAN PADA INSTAGRAM MENGGUNAKAN METODE NAÏVE BAYES CALSSIFIER;Artificial Intelligence;2;1
1087;PENGARUH PENERAPAN STHOCASTIC GRADIENT DESCENT DAN ADAM OPTIMIZER PADA HYPERPARAMETER TUNING UNTUK KLASIFIKASI PENYAKIT TANAMAN UBI KAYU;Artificial Intelligence;2;1
1088;ANALISIS PENGELOMPOKAN DAERAH PRODUKSI KAKO DI PROVINSI SULAWESI SELATAN MENGGUNAKAN METODE K-MEDOIDS PADA RAPID MINER;Artificial Intelligence;2;1
1089;PENGEMBANGAN SISTEM PEMBAYARAN PAJAK BUMI DAN BANGUNAN MENGGUNAKAN E-PAYMENT QRIS DIKABUPATEN MAROS;E-Commerce;1;1
1090;PERANCANGAN APLIKASI VIRTUAL TOUR PANORAMA SEBAGAI MEDIA INFORMASI WISATA DI KABUPATEN BULUKUMBA;E-Bisnis;1;1
1091;ANALISIS KEPUASAN MASYARAKAT KOTA MAKASSAR TERHADAP PELAYANAN ANGKUTAN TEMAN BUS TRANS MAMMINASATA MENGGUNAKAN METODE SERVICE QUALITY;Data Analyst;1;1
1092;PENGEMBANGAN APLIKASI SISTEM INFORMASI ORGANISASI DAKWAH PADA HILMI (hilmi.or.id) MAKASSAR BERBASIS ANDROID;Sistem Terdistribusi (Web Service);2;1
1093;INDENTIFIKASI POLA PEMINATAN SISWA SMK SETELAH MENYELESAIKAN STUDI MENGGUNAKAN ALGORITMA CONVOLUTION NEURAL NETWORK;Artificial Intelligence;2;1
1094;PERANCANGAN ANTAR MUKA APLIKASI PUSKESMAS MAKALE BERBASIS ANDROID MENGGUNAKAN METODE HUAN CENTERED DESIGN;Sistem Terdistribusi (Web Service);2;1
1095;APLIKASI PENJUALAN AYAM POTONG BERBASIS WEB DAN LOCATION BASED SERVICE (LBS) PADA UD. SYAM BROILER;Sistem Terdistribusi (Web Service);2;1
1096;IMPLEMENTASI METODE HYBRID FILTERING TECHNIQUE DALAM MEREKOMENDASIKAN PESTISIDA UNTUK PENYAKIT TANAMAN PADI;Artificial Intelligence;2;1
1097;SISTEM PENUNJANG KEPUTUSAN SELEKSI PENERIMAAN MAHASISWA BARU PADA STMIK PROFESIONAL MENGGUNAKAN ALGORITMA C5.0 BERBASIS WEBSERVICE;Artificial Intelligence;2;1
1098;ANALISIS SENTIMEN PADA ULASAN GOOGLE PLAY APLIKASI MYPERTAMINA MENGGUNAKAN METODE SVM (SUPPORT VECTOR MACHINE);Artificial Intelligence;2;1
1099;ANALISIS MINING DAN STAKING SYSTEM PADA CRYPTOCURRENCY BITCOIN DAN TRON;Komputasi Awan;2;1
1100;PEMBUATAN PROTOTYPE ALAT PEMBERI PAKAN KUCING BERBASIS INTERNET OF THINGS DENGAN MIKROKONTROLER NODEMCU;Intelligent System and Control/IoT;2;1
1101;PENGEMBANGAN APLIKASI PENDETEKSI KANDUNGAN BERBAHAYA/HARAM PADA PRODUK SKINCARE MENGGUNAKAN ALGORITMA BOYER-MOORE BERBASIS ANDROID;Artificial Intelligence;2;1
1102;RANCANG BANGUN SISTEM PENDETEKSI KEBAKARAN DAN MONITORING KONDISI GUDANG MENGGUNAKAN NODEMCU ESP8266 BERBASIS IoT;Intelligent System and Control/IoT;2;1
1103;SISTEM PAKAR DIAGNOSIS KERUSAKAN DAN PENANGANAN AWAL SMARTPHONE MENGGUNAKAN METODE FORWARD CHAINING DAN CERTAINTY FACTOR;Artificial Intelligence;2;1
1104;PERANCANGAN APLIKASI ORDER PAPERLESS DENGAN TEKNOLOGI QR CODE BERBASIS WEBSERVICE PADA RESTORAN;Sistem Terdistribusi (Web Service);2;1
1105;SISTEM REKOMENDASI PEMILIHAN LOKASI RUANG KERJA BERSAMA SESUAI KEBUTUHAN BERBASIS PETA DIGITAL DENGAN METODE FUZZY AHP;Sistem Pendukung Keputusan;1;1
1106;ANALISA PENGARUH KEAKTIFAN MAHASISWA UNDIPA DALAM ORGANISASI UKM TERHADAP PRESTASI AKADEMIK MENGGUNAKAN ALGORITMA NAIVE BAYES;Data Mining;1;1
1107;PERANCANGAN SISTEM PEMBERITAHUAN DAN PERINGATAN MAHASISWA AKAN DIDROP OUT MENGGUNAKAN METODE RULE BASED SYSTEM;Sistem Pendukung Keputusan;1;1
1108;EVALUASI TEKNOLOGI IDENTIFIKASI WAJAH DI BERBAGAI KONDISI PENCAHAYAAN DAN PENGGUNAAN AKSESORIS WAJAH;Data Analyst;1;1
1109;KLASIFIKASI INVESTASI UNTUK MEMINIMALISASI RESIKO INVESTASI KOPI MENGGUNAKAN ALGORITMA NAÏVE BAYES DI SULAWESI SELATAN;Artificial Intelligence;2;1
1110;PENERAPAN METODE SIMPLE MULTI ATTRIBUTE RATING TECHNIQUE (SMART) DALAN PENENTUAN PENERIMA BLT DI DESA MINANGA;Artificial Intelligence;2;1
1111;PENERAPAN METODE COPRAS PADA SISTEM PENUNJANG KEPUTUSAN MENENTUKAN SUPPLIER SUKU CADANG TERBAIK BERBASIS WEB;Artificial Intelligence;2;1
1112;ANALISIS PERBANDINGAN METODE AHP DAN SAW PADA SISTEM PENENTUAN KINERJA KARYAWAN RS HERMINA MAKASSAR;Artificial Intelligence;2;1
1113;ANALISIS PENGARUH ALGORITMA STOPWORDS DAN STEMMER TERHADAP MODEL INFORMATION RETRIEVAL PADA ARTIKEL BERITA MENGGUNAKAN VECTOR SPACE MODEL;Artificial Intelligence;2;1
1114;PENERAPAN METODE SINGLE MOVING AVERAGE UNTUK MENENTUKAN JUMLAH PRODUKSI BRAND MABELLO;Artificial Intelligence;2;1
1115;IMPLEMENTASI KERANGKA NODE JS PADA APLIKASI CHATTING WHATSAPP CHATBOT PADA KLINIK INGGIT MEDICAL CENTER;Sistem Terdistribusi (Web Service);2;1
1116;PENERAPAN ALGORITMA K-MEANS UNTUK CLUSTERING BIDANG ILMU DOSEN SESUAI BASIS DATA PENELITIAN TERINTEGRASI DENGAN GOOGLE SCHOLAR;Artificial Intelligence;2;1
1117;APLIKASI MONITORING KEHADIRAN DAN LAPORAN HARIAN SECURITY PT. SEMEN TONASA MENGGUNAKAN QR QODE BERBASIS WEB;Sistem Terdistribusi (Web Service);2;1
1118;SISTEM PENGAMBILAN KEPUTUSAN UNTUK PENGELOMPOKAN SISWA MENGGUNAKAN LOGIKA FUZZY MAMDANI;Artificial Intelligence;2;1
1119;RANCANG BANGUN SISTEM PENYORTIR KUALITAS TELUR BERBASIS MIKROKONTROLER;Intelligent System and Control/IoT;2;1
1120;APLIKASI PANDUAN PEMILIHAN UKM UNIVERSITAS MAKASSAR MENGGUNAKAN METODE SAW;Artificial Intelligence;2;1
1121;PERANCANGAN APLIKASI PENJUALAN DENGAN METODE CROSS SELLING MENGGUNAKAN ALGORITMA GREEDY;Artificial Intelligence;2;1
1122;PEMANFAATAN FRAMEWORK CODEIGNEIR DALAM PENGEMBANGAN APLIKASI KESEHATAN GIZI ANAK BERBASIS ANDROID;Sistem Terdistribusi (Web Service);2;1
1123;PERANCANGAN APLIKASI PENGELOLAAN TRANSAKSI ANINDI LAUNDRY BERBASIS DESKTOP;Sistem Terdistribusi (Web Service);2;1
1124;ANALISIS FAKTOR PEMILIHAN KARTU GSM PRABAYAR PADA KALANGAN MAHASISWA DENGAN METODE FUZZY AHP;Artificial Intelligence;2;1
1125;RANCANG BANGUN APLIKASI PERTANIAN BERBASIS WEB PADA BADAN PENYULUHAN PETANIAN DENGAN MENGGUNAKAN ALGORITMA APRIORI;Artificial Intelligence;2;1
1126;KOMPARASI METODE WP;Artificial Intelligence;2;1
1127;IMPLEMENTASI ALGORITMA NAÏVE BAYES UNTUK MENGUKUR KEPUASAN PELANGGAN CAFÉ;Artificial Intelligence;2;1
1128;PENYELESAIAN MASALAH KNAPSACK UNTUK PENGANGKUTAN BARANG DENGAN ALGORITMA BRANCH AND BOUND;Artificial Intelligence;2;1
1129;REKAYASA SISTEM OPERASI BERBASIS GUI MENGGUNAKAN METODE REMASTERING;Sistem Terdistribusi (Web Service);2;1
1130;TRASHMART : SISTEM APLIKASI JARINGAN DAUR ULANG SAMPAH BERBASIS ANDROID;Sistem Terdistribusi (Web Service);2;1
1131;IMPLEMENTASI API WEBSERVICE PADA SISTEM PRESENSI MAHASISWA UNIVERSITAS DIPA MAKASSAR BERBASIS WEB DAN MOBILE MENGGUNAKAN QRCODE;Sistem Terdistribusi (Web Service);2;1
1132;ANALISIS PERFORMANSI ALGORITMA Z DAN ALGORIMA OPRIMASI NAÏVE SEARCH MATCHING PADA SEARCH PATTERN DOKUMEN KOMPLEKS BERBASIS TEXT;Artificial Intelligence;2;1
1133;ANALISIS EFISIENSI DAN EFEKTIVITAS APLIKASI PEMAGANGAN SEBAGAI LOG BOOK KEGIAATN MENGGUNAKAN METODE EUCS;Sistem Terdistribusi (Web Service);2;1
1134;KOMPARASI METODE MULTIPLICATIVE;Artificial Intelligence;2;1
1135;GAME EDUKASI QUIS TEBAK GAMBAR NAMA-NAMA HEWAN DALAM BAHASA INGGRIS DENGAN CONSTRACK 2 BERBASIS ANDROID;Artificial Intelligence;2;1
1136;ANALISIS PENGARUH USER INTERFACE E-LEARNING TERHADAP MINAT BELAJAR SISWA SMA MENGGUNAKAN HEURISTICS OF RESPONSIVE WEB DESIGN DAN USER CENTERED DESIGN;Sistem Terdistribusi (Web Service);2;1
1137;APLIKASI KEAMANAN SURAT DIGITAL DENGAN PENERAPAN TANDA TANGAN DIGITAL DENGAN METODE HASH MD5 BERBASIS QRCODE;Keamanan Komputer dan Informasi;2;1
1138;PERANCANGAN APLIKASI SELEKSI KEAKTIFAN ANGGOTA BARU UKM NIPHAZ DIPLOMA CLUB MENGGUNAKAN METODE FUZZY TSUKAMOTO BERBASIS WEB;Artificial Intelligence;2;1
1139;PERANCANGAN APLIKASI PRESENSI ANAK PKL DI KANTOR BKN MAKASSAR MENGGUNAKAN FACE RECOGNITION;Artificial Intelligence;2;1
1140;RANCANG BANGUN ALAT PENJUALAN KOMODITAS PANGAN OTOMATIS DENGAN PEMBAYARAN MENGGUNAKAN RFID;Intelligent System and Control/IoT;2;1
1141;PENERAPAN METODE REGRESI LINEAR BERGANDA UNTUK PERAMALAN PENJUALAN PADA TOKO RINA CAHAYA SURYA;Artificial Intelligence;2;1
1142;PERANCANGAN GAME EDUKASI PENGENALAN PAKAIAN ADAT NUSANTARA (CULTURE ZONE) MENGGUNAKAN MULTIMEDIA DEVELOPMENT LIFE CYCLE;Artificial Intelligence;2;1
1143;APLIKASI PENJADWALAN KHATIB MENGGUNAKAN ALGORITMA GENETIKA BERBASIS WEBSERVICE;Artificial Intelligence;2;1
1144;STUDI IMPLEMENTASI METODE PROMETHEE DALAM MENENTUKAN LULUSAN MAHASISWA TERBAIK;Artificial Intelligence;2;1
1145;WEB SERVICE UNTUK INTEGRASI SISTEM INFORMASI AKADEMIK DAN PERPUSTAKAAN UNIVERSITAS DIPA MAKASSAR;Sistem Terdistribusi (Web Service);2;1
1146;IMPLEMENTASI ALGORITMA K-NEAREST NEIGHBOR UNTUK DETEKSI DINI KECANDUAN GAME;Artificial Intelligence;2;1
1147;KOMPARASI ALGORITMA DECISION TREE;Artificial Intelligence;2;1
1148;SISTEM PENDUKUNG KEPUTUSAN PENENTUAN PEMASOK RUMPUT LAUT TERBAIK PADA KOSPERMINDO MENGGUNAKAN METODE SAW;Sistem Pendukung Keputusan;1;1
1149;SISTEM PENYEWAAN JASA MAKEUP;E-Commerce;1;1
1150;RANCANG BANGUN APLIKASI SISTEM INFORMASI PROFILE BISNIS DENGAN CONTENT MANAGEMENT SYSTEM;E-Bisnis;1;1
1151;PERANCANGAN SISTEM INFORMASI PERSEBARAN OBJEK TEMPAT KKL MENGGUNAKAN METODE K-MEANS;Data Mining;1;1
1152;PERANCANGAN SISTEM KELAYAKAN PROGRAM PROMOSI MOTOR DENGAN METODE SMARTER;Sistem Pendukung Keputusan;1;1
1153;IMPLEMENTASI METODE AHP DALAM MENENTUKAN KINERJA ANGGOTA POLRI;Sistem Pendukung Keputusan;1;1
1154;PERANCANGAN APLIKASI SISTEM INFORMASI PADA PROGRAM STUDI SISTEM INFORMASI UNIVERSITAS DIPA MAKASSAR BERBASIS ANDROID WEBVIEW;Sistem Terdistribusi (Web Service);1;1
1155;PERANCANGAN MARKETPLACE PRODUK BAHAN BANGUNAN MENGGUNAKAN ALGORITMA STRING MATCHING BERBASIS WEB;Sistem Terdistribusi (Web Service);2;1
1156;ANALISIS SENTIMEN UNTUK MENDETEKSI TINGKAT DEPRESI PADA PENGGUNA MEDIA SOSIAL TWITTER MENGGUNAKAN METODE K-NEAREST NEIGHBOR;Artificial Intelligence;2;1
1157;ANALISIS SENTIMEN KOMENTAR YOUTUBE MENGENAI LGBT DI INDONESIA MENGGUNAKAN ALGORITMA NAÏVE BAYES CLASSIFIER;Artificial Intelligence;2;1
1158;PERANCANGAN GAME EDUKASI KISAH 25 NABI SEBAGAI MEDIA PEMBELAJARAN ANAK BERBASIS ANDROID;Artificial Intelligence;2;1
1159;PENGGUNAAN METODE FORWARD CHAINING UNTUK MENDIAGNOSIS KERUSAKAN MOTOR VESPA KLASIK;Artificial Intelligence;2;1
1160;ANALISIS KOMBINASI ALGORITMA ONE TIME PAD AND VIGENERE CIPHER UNTUK KEAMANAN DATA TEKS;Keamanan Komputer dan Informasi;2;1
1161;PERANCANGAN APLIKASI KEGIATAN DAN PELAPORAN KEUANGAN BERBASIS WEB PADA GEREJA KATOLIK ST. PAULUS TELLO;Sistem Terdistribusi (Web Service);2;1
1162;IMPLEMENTASI WEB SERVICE PADA SISTEM DIAGNOSA PENYAKIT ANAK DENGAN PENGGABUNGAN METODE NAIVES BAYES & FORWARD CHAINING;Artificial Intelligence;2;1
1163;PENGEMBANGAN APLIKASI SMART OFFICE DI PEMERINTAH PROVINSI SULAWESI SELATAN;Intelligent System and Control/IoT;2;1
1164;IMPLEMENTASI ALGORITMA FP GROWTH UNTUK MENENTUKAN POLA PEMINJAMAN BUKU DI PERPUSTAKAAN UNIVERSITAS DIPA MAKASSAR;Artificial Intelligence;2;1
1165;RANCANG KIPAS OTOMATIS MENGGUNAKAN SENSOR SUHU PADA BAWANG MERAH YANG MEMILIKI SUHU TINGGI;Intelligent System and Control/IoT;2;1
1166;ANALISIS PENENTUAN LOKASI USAHA WARUNG NASI GORENG MENGGUNAKAN METODE ORESTE BERBASIS WEB;Artificial Intelligence;2;1
1167;IMPLEMENTASI ALGORITMA ANT COLONY PADA PERANCANGAN APLIKASI PENJADWALAN SEMINAR PROPOSAL;Artificial Intelligence;2;1
1168;MEDIA PROMOSI MAKANAN KHAS DI SULAWESI SELATAN BERBASIS GAME BASED LEARNING MENGGUNAKAN METODE COLLISION DETECTION;Artificial Intelligence;2;1
1169;PENERAPAN JARINGAN SYARAF TIRUAN UNTUK PAKET CATERING SESUAI KEBUTUHAN PENGGUNA BERBASIS WEB;Artificial Intelligence;2;1
1170;PENERAPAN ALGORITMA DECISION TREE UNTUK KLASIFIKASI JENIS OBAT BERDASARKAN GOLONGANNYA;Artificial Intelligence;2;1
1171;IMPLEMENTASI METODE HAVERSINE UNTUK MENENTUKAN LOKASI TERDEKAT DALAM SISTEM PENYEWAAN HOMESTAY;Artificial Intelligence;2;1
1172;ANALISA UJI KENDARAAN BERMOTOR (UJI KIR) DENGAN METODE JARINGAN SYARAF TIRUAN BACKPROPAGATION;Artificial Intelligence;2;1
1173;ANALISIS FAKTOR YANG DAPAT MEMPENGARUHI KEPUTUSAN CALON MAHASISWA DALAM MEMILIH PROGRAM STUDI MENGGUNAKAN DEEP LEARNING;Artificial Intelligence;2;1
1174;PEMANFAATAN METODE RAPID APPLICATION DEVELOPMENT DALAM MERANCANG APLIKASI GAME EDUKASI;Artificial Intelligence;2;1
1175;PENERAPAN METODE DESIGN THINKING UNTUK PERANCANGAN UI/UX PADA APLIKASI SISTEM PENGELOLAHAN NILAI RAPORT;Sistem Terdistribusi (Web Service);2;1
1176;PENERAPAN METODE APRIORI UNTUK REKOMENDASI TATA LETAK BUKU PADA PERPUSTAKAAN;Artificial Intelligence;2;1
1177;PENERAPAN METODE CASE-BASED REASONING DALAM MENDETEKSI KEMATANGAN BUAH KELAPA SAWIT;Artificial Intelligence;2;1
1178;PENERAPAN METODE SIMPLE ADDITIVE WEIGHTING DALAM MENYELEKSI PESERTA MAGANG;Artificial Intelligence;2;1
1179;PERANCANGAN SISTEM JARINGAN VIRTUAL LOCAL AREA NETWORK PADA UNIVERSITAS DIPA MAKASSAR;Perancangan dan Optimasi Jaringan Komputer;2;1
1180;IMPLEMENTASI ALGORITMA APRIORI PADA APLIKASI E-KATALOG VAPE BERBASIS WEB;Artificial Intelligence;2;1
1181;ANALISIS DAN PERANCANGAN UI/UX MENGGUNAKAN METODE USER CENTERED DESIGN (UCD);Sistem Terdistribusi (Web Service);2;1
1182;PROTOTYPE SISTEM PEMANTAUAN DAN PENGENDALIAN METODE TANAM DALAM RUANG BERBASIS IOT;Intelligent System and Control/IoT;2;1
1183;IMPLEMENTASI METODE RANDOM FOREST UNTUK MENENTUKAN PILIHAN JENIS PELATIHAN;Artificial Intelligence;2;1
1184;PEMANFAATAN IOT DALAM PENGONTROLAN KETINGGIAN KENDARAAN PADA UJI KIR;Intelligent System and Control/IoT;2;1
1185;RANCANG BANGUN SISTEM KONTROL DAN MONITORING TANAMAN HIDROPONIK BERBASIS IOT;Intelligent System and Control/IoT;2;1
1186;PERBANDINGAN LOGISTIC REGRESSION;Artificial Intelligence;2;1
1187;SISTEM PAKAR PREDIKSI PENYAKIT DIABETES MENGGUNAKAN METODE K-NN BERBASIS ANDROID;Artificial Intelligence;2;1
1188;ANALISIS PERBANDINGAN TINGKAT KEPUASAN PELANGGAN TERHADAP PENGGUNA APLIKASI TRANSPORTASI ONLINE;Data Analyst;1;1
1189;ANALISIS PENDAPATAN DAN KEPUASAN MITRA PENGEMUDI GOJEK DAN GRAB;Data Analyst;1;1
1190;IMPLEMENTASI METODE PENETRATION TESTING DAN BURP SUITE UNTUK IDENTIFIKASI DAN PENANGANAN WEBSITE VULNERABILITY;Keamanan Komputer dan Informasi;1;1
1191;PERANCANGAN SISTEM INFORMASI PENENTUAN HARGA POKOK PRODUKSI MENGGUNAKAN METODE FULL COSTING;E-Bisnis;1;1
1192;ANALISIS PENGARUH BRAND HANDPHONE BERDASARKAN SURVEY CUSTOMER DENGAN ALGORITMA KLASIFIKASI NAIVE BAYES;Data Mining;1;1
1193;ANALISIS KUANTITATIF SURVEI PENGGUNAAN BOT MUSIC DALAM KOMUNITAS ECLIPSE PADA APLIKASI DISCORD;Data Analyst;1;1
1194;IMPLEMENTASI ALGORITMA DECISION TREE DAN RANDOM FOREST UNTUK PREDIKSI HIPERTENSI;Artificial Intelligence;5;1
1195;PEMANFAATAN LAYANAN AWS BERBASIS CLOUD COMPUTING TERINTEGRASI DENGAN MEDIA SOSIAL;Cloud Computing;5;1
1196;PENERAPAN WEB SERVICE UNTUK ABSENSI GURU REAL-TIME DAN REKAP NILAI;Sistem Terdistribusi (Web Service);5;1
1197;PENGGUNAAN MULTIMEDIA INTERAKTIF SEBAGAI MEDIA PEMBELAJARAN;Analisis dan Desain Multimedia;5;1
1198;PENERAPAN METODE K-NEAREST NEIGHBOR DALAM PENENTUAN DIVISI KARYAWAN;Data Mining;1;1
1199;ANALISIS KESUKSESAN PENGGUNAAN SAP MENGGUNAKAN METODE UTAUT DAN METODE TAM;Sistem Pendukung Keputusan;1;1
1200;ANALISIS PENGARUH APLIKASI RUANG GURU TERHADAP MOTIVASI DAN PRESTASI BELAJAR SISWA;Data Analyst;1;1
1201;IMPLEMENTASI FRAMEWORK COBIT 5.0 DOMAIN MEA;Sistem Pendukung Keputusan;1;1
1202;SISTEM PENDUKUNG KEPUTUSAN PEMILIHAN PENERIMA BLT-DD MENGGUNAKAN METODE AHP;Sistem Pendukung Keputusan;1;1
1203;SISTEM PENDUKUNG KEPUTUSAN PENERIMA PKH MENGGUNAKAN METODE SAW;Sistem Pendukung Keputusan;1;1
1204;ANALISIS KOMPARATIF ALGORITMA NAIVE DAN RABIN-KARP PADA SINGLE SEARCH PATTERN;Data Mining;1;1
1205;SISTEM INFORMASI RUTE DAN TRACKING ANGKUTAN KOTA BERBASIS MULTIPLATFORM;Sistem Terdistribusi (Web Service);1;1
1206;IMPLEMENTASI METODE NAÏVE BAYES UNTUK MENENTUKAN ZAT MAKANAN BERBAHAYA;Artificial Intelligence;2;1
1207;PENERAPAN METODE MOORA DAN PROFILE MATCHING DALAM PENENTUAN SISWA BERPRESTASI;Artificial Intelligence;2;1
1208;ANALISIS SENTIMEN TERHADAP PERSOALAN DI UNIVERSITAS DIPA MAKASSAR;Artificial Intelligence;2;1
1209;IMPLEMENTASI METODE SVM DALAM KLASIFIKASI WARGA PENERIMA BANTUAN PEMERINTAH;Artificial Intelligence;2;1
1210;SISTEM PREDIKSI KEBUTUHAN BAHAN BAKU ROTI MENGGUNAKAN ALGORITMA APRIORI;Artificial Intelligence;2;1
1211;PENERAPAN CRM UNTUK MENGUKUR LOYALITAS DAN KEPUASAN PELANGGAN;Sistem Terdistribusi (Web Service);2;1
1212;PENERAPAN ALGORITMA SEQUENTIAL SEARCH DALAM PENGOLAHAN DATA PETERNAKAN;Artificial Intelligence;2;1
1213;PERANCANGAN APLIKASI PERIZINAN SISWA DENGAN NOTIFIKASI TELEGRAM;Sistem Terdistribusi (Web Service);2;1
1214;ANALISA POLA PEMBELIAN MAKANAN MENGGUNAKAN METODE FP-GROWTH;Artificial Intelligence;2;1
1215;IMPLEMENTASI REST DALAM E-OFFICE BERBASIS WEB SERVICE;Sistem Terdistribusi (Web Service);2;1
1216;RANCANG BANGUN APLIKASI PENCARIAN JAM KOSONG MENGGUNAKAN ALGORITMA GENETIKA;Artificial Intelligence;2;1
1217;PERANCANGAN APLIKASI KELAYAKAN REHABILITASI ANAK JALANAN MENGGUNAKAN METODE ADDITIVE RATIO ASSESMENT;Artificial Intelligence;2;1
1218;PERANCANGAN APLIKASI DAN MONITORING AKTIVITAS DENGAN INTEGRASI WEB SERVICE;Sistem Terdistribusi (Web Service);2;1
1219;RANCANGAN SISTEM INFORMASI E-RAPORT MENGGUNAKAN ALGORITMA SELECTION SORT;Sistem Terdistribusi (Web Service);2;1
1220;RANCANG BANGUN APLIKASI RESERVASI KAMAR HOTEL DENGAN PAYMENT GATEWAY;Sistem Terdistribusi (Web Service);2;1
1221;PENERAPAN ALGORITMA K-MEANS LEARNING DALAM PERANCANGAN SISTEM INFORMASI PENENTUAN STATUS GIZI BALITA;Artificial Intelligence;2;1
1222;PERBANDINGAN AKURASI ALGORITMA KLASIFIKASI PADA ANALISIS DATA SET KUISIONER DENGAN SKALA LIKERT;Artificial Intelligence;2;1
1223;SISTEM MANAJEMEN PENGELOLAAN KEPUASAN PELANGGAN DENGAN METODE CUSTOMER EFFORT SCORE BERBASIS MOBILE;Sistem Terdistribusi (Web Service);2;1
1224;PENGEMBANGAN ALAT PENDETEKSI KETINGGIAN AIR DENGAN PEMBERIAN NOTIFIKASI MENGGUNAKAN METODE FUZZY LOGIC BERBASIS IOT;Intelligent System and Control/IoT;2;1
1225;PENERAPAN METODE DATA MINING KLASIFIKASI NAÏVE BAYES DAN REGRESI LINIER BERGANDA UNTUK PEMETAAN JENIS BANTUAN EKONOMI;Artificial Intelligence;2;1
1226;ANALISA KEBUTUHAN KONSUMEN TERHADAP PENAWARAN PROGRAM PERBANKAN BANK BTN MENGGUNAKAN METODE SUGENO;Artificial Intelligence;2;1
1227;IMPLEMENTASI ALGORITMA MFEP DAN AHP DALAM PEMILIHAN CALON PENERIMA BEASISWA PIP;Artificial Intelligence;2;1
1228;IMPLEMENTASI LOGIKA FUZZY DALAM MEMPREDIKSI KEBUTUHAN JUMLAH TENAGA KERJA KONTRAK;Artificial Intelligence;2;1
1229;EVALUASI PERFORMA WEBSITE DIVLEARNING UNDIPA MENGGUNAKAN AUTOMATED SOFTWARE TESTING GTMETRIX;Keamanan Komputer dan Informasi;2;1
1230;PERBANDINGAN ALGORITMA CLASSIFICATION DALAM MENGANALISIS DATASET MULTICLASS;Data Mining;1;1
1231;ANALISIS PENERAPAN PRINSIP CLEAN ARCHITECTURE DAN MODEL VIEW CONTROLLER PADA PERANCANGAN APLIKASI PET CARE;Sistem Terdistribusi (Web Service);1;1
1232;PERANCANGAN SISTEM PENENTUAN KENAIKAN PANGKAT MENGGUNAKAN METODE NAÏVE BAYES;Data Mining;1;1
1233;PENERAPAN METODE TOPSIS DALAM PENENTUAN PRIORITAS UNTUK PEMBARUAN DAN PENGADAAN BUKU;Sistem Pendukung Keputusan;1;1
1234;PERANCANGAN SISTEM INFORMASI RAPAT MENGGUNAKAN TEKHNOLOGI WEB SERVICE DAN QRCODE;Sistem Terdistribusi (Web Service);1;1
1235;PENERAPAN DATA MINING DALAM PERANCANGAN SISTEM KELAYAKAN PENSIUN MENERIMA KREDIT MENGGUNAKAN METODE KNN;Data Mining;1;1
1236;PERANCANGAN APLIKASI PENGELOLAAN KENAIKAN GAJI BERKALA DOSEN DPK DAN ASN BERBASIS ANDROID;Sistem Terdistribusi (Web Service);1;1
1237;SISTEM PENDUKUNG KEPUTUSAN PENERIMAAN BANTUAN RUMAH LAYAK HUNI MENGGUNAKAN METODE SMARTER;Sistem Pendukung Keputusan;1;1
1238;PENERAPAN ALGORITMA SIMPLE HILL CLIMBING UNTUK PENCARIAN RUMAH KOST TERDEKAT;Data Mining;1;1
1239;PERANCANGAN APLIKASI SELEKSI SALES DENGAN UJIAN ONLINE MENGGUNAKAN METODE SAW;Sistem Pendukung Keputusan;1;1
1240;ANALISIS SISTEM PREDIKSI PERSEDIAAN BERAS MENGGUNAKAN METODE SINGLE EXPONENTIAL SMOOTHING;Data Mining;1;1
1241;SISTEM RESERVASI PELAYANAN BERBASIS ONLINE PADA PROSES ANTRIAN PRAKTIK DOKTER GIGI;E-Commerce;1;1
1242;ANALISIS MINAT PENGGUNAAN FASILITAS APLIKASI POSPAY MENGGUNAKAN METODE TAM;Data Analyst;1;1
1243;PENERAPAN METODE SERVICE QUALITY DALAM MENGUKUR KUALITAS APLIKASI MY PERTAMINA;Data Analyst;1;1
1244;PERANCAGAN SISTEM PENUNJANG KEPUTUSAN PENERIMAAN SISWA BARU MENGGUNAKAN METODE PROFILE MATCHING;Sistem Pendukung Keputusan;1;1
1245;SISTEM PENDUKUNG KEPUTUSAN PEMILIHAN JASA SERVICE LAPTOP MENGGUNAKAN METODE ARAS;Sistem Pendukung Keputusan;1;1
1246;APLIKASI TAKE ORDER MAKANAN DAN MINUMAN MENGGUNAKAN METODE CENTRALIZED DBMS ARCHITECTURE;E-Commerce;1;1
1247;PERANCANGAN APLIKASI REKAM MEDIS MENGGUNAKAN ALGORITMA NAÏVE BAYES BERBASIS WEB;Artificial Intelligence;2;1
1248;PENERAPAN IOT DALAM PERANCANGAN SMART HOME SECURITY SYSTEM MENGGUNAKAN SMS GATEWAY;Intelligent System and Control/IoT;2;1
1249;RANCANG BANGUN LMS PEMBELAJARAN UMKM BERBASIS WEB;Sistem Terdistribusi (Web Service);2;1
1250;SISTEM PEMESANAN MENU PADA RUMAH MAKAN SEA FOOD BERBASIS WEBSERVICE;Sistem Terdistribusi (Web Service);2;1
1251;PENERAPAN METODE JARINGAN SARAF TIRUAN UNTUK KLASIFIKASI JENIS DAUN OBAT-OBATAN BERBASIS IMAGE PROCESSING;Artificial Intelligence;2;1
1252;PENERAPAN METODE COMPOSITE PERFORMANCE INDEX (CPI) PADA APLIKASI REKOMENDASI PEMILIHAN KOST;Artificial Intelligence;2;1
1253;PERANCANGAN GAME PUZZLE SEBAGAI MEDIA BERMAIN ANAK MENGGUNAKAN ALGORITMA A*;Artificial Intelligence;2;1
1254;KOMPARASI ARSITEKTUR MOBILENET DAN ALGORITMA CANNY UNTUK SEGMENTASI PENGENALAN PLAT KENDARAAN;Artificial Intelligence;2;1
1255;IMPLEMENTASI METODE RAITA UNTUK PENCARIAN DOKUMEN PADA APLIKASI ARSIP DIGITAL;Artificial Intelligence;2;1
1256;RANCANG BANGUN APLIKASI SISTEM DIAGNOSIS KERUSAKAN PADA MOBIL DENGAN METODE CERTAINTY FACTOR;Artificial Intelligence;2;1
1257;OPTIMASI MODEL DENGAN HYPERPARAMETER TUNING DAN CALLBACK PADA SISTEM PENDETEKSI API DAN ASAP MENGGUNAKAN ALGORITMA CNN;Artificial Intelligence;2;1
1258;PERANCANGAN SISTEM KEARSIPAN DINAMIS MENGGUNAKAN ALGORITMA SEQUENTIAL SEARCH;Artificial Intelligence;2;1
1259;IMPLEMETASI SISTEM FORECASTING KEBUTUHAN BAHAN BAKU MENGGUNAKAN METODE TREND LEAST SQUARE;Artificial Intelligence;2;1
1260;IMPLEMENTASI METODE WEIGHTED PRODUCT DAN NAÏVE BAYES DALAM PENENTUAN SPESIFIKASI LAPTOP;Artificial Intelligence;2;1
1261;IMPLEMENTASI RFID PADA NODEMCU ESP8266 UNTUK AKSES PINTU PADA RUMAH KOST;Intelligent System and Control/IoT;2;1
1262;RANCANG BANGUN APLIKASI SMART SYSTEM BENGKEL DALAM PENERAPAN PAYROLL MEKANIK;Sistem Terdistribusi (Web Service);2;1
1263;PENERAPAN METODE FIRST EXPIRED FIRST OUT UNTUK PENGATURAN BARANG PADA APLIKASI E-INVENTORY;Sistem Terdistribusi (Web Service);2;1
1264;KOMPARASI METODE SAW;Artificial Intelligence;2;1
1265;IMPLEMETASI METODE JARINGAN SARAF TIRUAN UNTUK PREDIKSI MASUK DUNIA KERJA;Artificial Intelligence;2;1
1266;ANALISIS PERBANDINGAN METODE LEAST SQUARE DAN METODE TREND PARABOLA DALAM APLIKASI PERKIRAAN PENJUALAN;Data Mining;1;1
1267;EVALUASI PENERAPAN SISTEM INFORMASI SEKOLAH BERBASIS WEB DENGAN METODE PIECES FRAMEWORK;Data Analyst;1;1
1268;SISTEM PENDUKUNG KEPUTUSAN PENGANGKATAN TENAGA HONORER MENJADI CPNS MENGGUNAKAN TOPSIS;Sistem Pendukung Keputusan;1;1
1269;PERANCANGAN SISTEM INFORMASI PENJADWALAN RESERVASI PASIEN MENGGUNAKAN METODE ROUND ROBIN;Sistem Terdistribusi (Web Service);1;1
1270;IMPLEMENTASI GOOGLE VOICE PADA SISTEM SMART DOOR LOCK BERBASIS ARDUINO;Intelligent System and Control/IoT;2;1
1271;IMPLEMENTASI REST API PADA MEDIA PEMBELAJARAN BAHASA ISYARAT INDONESIA;Sistem Terdistribusi (Web Service);2;1
1272;APLIKASI MANAGEMENT RUMAH KOST MENGGUNAKAN METODE NAÏVE BAYES DAN DATABASE FIREBASE;Artificial Intelligence;2;1
1273;IMPLEMETASI ALGORITMA GENETIKA DALAM PENATA LAYANAN DAN TATA IBADAH;Artificial Intelligence;2;1
1274;IMPLEMENTASI ALGORITMA LINEAR CONGRUENT METHOD DAN FISHER YATES DALAM GAME EDUKASI;Artificial Intelligence;2;1
1275;IMPLEMENTASI E-SERVIS DI GADGET CARE BERBASIS ANDROID MENGGUNAKAN ALGORITMA BUBBLE SHORT;Sistem Terdistribusi (Web Service);2;1
1276;PROTOTIPE PEMANFAATAN IOT DALAM PEMBASMI HAMA PADA TANAMAN HYDROPONIK;Intelligent System and Control/IoT;2;1
1277;KLASIFIKASI MINAT BAKAT MENGGUNAKAN ALGORITMA NAÏVE BAYES;Artificial Intelligence;2;1
1278;PENERAPAN APLIKASI PENGENALAN GEDUNG KAMPUS BERBASIS VIRTUAL REALITY;Intelligent System and Control/IoT;2;1
1279;RANCANG BANGUN SISTEM PENGAMBILAN KEPUTUSAN PENERIMA BEASISWA DENGAN METODE SAW;Artificial Intelligence;2;1
1280;IMPLEMENTASI ALGORITMA DIJKSTRA DALAM APLIKASI PEMANDU WISATA BERBASIS WEB SERVICE;Artificial Intelligence;2;1
1281;IMPLEMENTASI METODE FUZZY MAMDANI DALAM SISTEM PREDIKSI PRODUKSI KUE BERBASIS WEB;Artificial Intelligence;2;1
1282;SISTEM PAKAR DIAGNOSA PENYAKIT GIGI DAN MULUT MENGGUNAKAN METODE FORWARD CHAINING DAN ALGORITMA BEST FIRST SEARCH;Artificial Intelligence;2;1
1283;IMPLEMENTASI DATA MINING UNTUK MEMPREDIKSI HASIL PENJUALAN DENGAN METODE ALGORITMA REGRESI LINIER BERGANDA;Artificial Intelligence;2;1
1284;APLIKASI KELAYAKAN KENAIKAN JABATAN REDAKSI DENGAN METODE MULTI ATTRIBUTE UTILITY THEORY;Sistem Pendukung Keputusan;1;1
1285;PERANCANGAN SISTEM PENENTUAN KELAYAKAN CUTI PEGAWAI MENGGUNAKAN METODE FUZZY LOGIC;Sistem Pendukung Keputusan;1;1
1286;PERANCANGAN APLIKASI ABSENSI PEGAWAI BERBASIS ANDROID;Sistem Terdistribusi (Web Service);1;1
1287;ANALISIS PENERAPAN DATA MINING DALAM KLASIFIKASI PENJUALAN PAKAIAN MENGGUNAKAN ALGORITMA C4.5;Data Mining;1;1
1288;PERANCANGAN SISTEM PELAPORAN AKTIVITAS SISWA BERBASIS WEB;Sistem Terdistribusi (Web Service);1;1
1289;ANALISIS PERBANDINGAN ALGORITMA DIJKSTRA DAN BELLMAN-FORD DALAM PENCARIAN RUTE TERPENDEK;Data Mining;1;1
1290;PENERAPAN METODE HAVERSINE FORMULA PADA SISTEM INFORMASI PARIWISATA;Data Mining;1;1
1291;SISTEM PENDUKUNG KEPUTUSAN PENILAIAN SANTRI TERBAIK MENGGUNAKAN METODE SMART;Sistem Pendukung Keputusan;1;1
1292;PERANCANGAN APLIKASI EDUKASI PENGENALAN KARATE UNTUK ANAK BERBASIS ANDROID;Sistem Terdistribusi (Web Service);1;1
1293;PERANCANGAN APLIKASI PERAMALAN BIAYA PEMELIHARAAN MENGGUNAKAN METODE SINGLE EXPONENTIAL SMOOTHING;Data Mining;1;1
1294;PERANCANGAN SISTEM REKOMENDASI HYBRID UNTUK BERITA MENGGUNAKAN METODE KNN DAN BIPOLAR SLOPE ONE;Artificial Intelligence;2;1
1295;PENERAPAN ALGORITMA MULTICLASS SVM UNTUK KLASIFIKASI JENIS KAYU;Artificial Intelligence;2;1
1296;PERANCANGAN SISTEM INFORMASI ASPIRASI MASYARAKAT MENGGUNAKAN METODE PATTERN DISCOVERY;Data Mining;1;1
1297;PERANCANGAN APLIKASI KAMUS BIOMOLEKUL MENGGUNAKAN ALGORITMA HORSPOOL;Data Mining;1;1
1298;PERANCANGAN SISTEM INFORMASI LAYANAN TANYA JAWAB KEPEGAWAIAN DENGAN FIREBASE CLOUD MESSAGING;Cloud Computing;1;1
1299;PERANCANGAN SISTEM PENJADWALAN KURSUS MUSIK MENGGUNAKAN ALGORITMA GREEDY;Data Mining;1;1
1300;PERANCANGAN APLIKASI PEMESANAN JASA CETAK BERBASIS WEB;E-Commerce;1;1
1301;PERANCANGAN MEDIA PEMBELAJARAN BERBASIS WEB MENGGUNAKAN ALGORITMA SHUFFLE RANDOM;Sistem Terdistribusi (Web Service);2;1
1302;PENERAPAN KONSEP KOIN DIGITAL PADA SISTEM INFORMASI BANK SAMPAH;E-Commerce;1;1
1303;SISTEM PAKAR PENENTUAN KEPRIBADIAN CALON PEGAWAI MENGGUNAKAN METODE AHP;Sistem Pendukung Keputusan;1;1
1304;KLASIFIKASI JENIS BUAH TOMAT BERDASARKAN BENTUK DAN TEKSTUR MENGGUNAKAN MATLAB;Data Mining;1;1
1305;ANALISIS PERBANDINGAN ALGORITMA BRUTE FORCE;Data Mining;1;1
1306;SISTEM PENDUKUNG KEPUTUSAN PENERIMAAN KARYAWAN BARU MENGGUNAKAN METODE PROFILE MATCHING;Sistem Pendukung Keputusan;1;1
1307;PERANCANGAN APLIKASI PENDETEKSIAN KATA BAKU PADA SKRIPSI MENGGUNAKAN METODE NLP;Data Mining;1;1
1308;ANALISIS PERBANDINGAN METODE K-MEANS DAN FUZZY C-MEANS DALAM KLASTERISASI SISWA;Data Mining;1;1
1309;PERANCANGAN APLIKASI PENGAJUAN JUDUL SKRIPSI MENGGUNAKAN ALGORITMA BOYER MOORE;Data Mining;1;1
1310;PERANCANGAN ALAT ABSENSI GURU DAN DOORLOCK SYSTEM MENGGUNAKAN RFID PADA NODEMCU EPS8266;Intelligent System and Control/IoT;2;1
1311;APLIKASI E-VOTING PEMILIHAN PRESIDEN BEM MENGGUNAKAN ALGORITMA NAKULA SADEWA;Sistem Terdistribusi (Web Service);1;1
1312;ANALISA PERKEMBAGAN BISNIS UMKM TERHADAP PERTUMBUHAN PEREKONOMIAN;Data Analyst;1;1
1313;PERANCANGAN APLIKASI INVENTORY CONTROL SPAREPART EXCAVATOR;Sistem Terdistribusi (Web Service);2;1
1314;PENERAPAN METODE WEIGTHED MOVING AVERAGE DALAM PENGENDALIAN DISTRIBUSI ROTI;Data Mining;1;1
1315;APLIKASI PENCEGAHAN PENULARAN DAN KEPATUHAN PENGOBATAN PASIEN DBD;Sistem Terdistribusi (Web Service);1;1
1316;ANALISIS USER EXPERIENCE DAN REDESIGN USER INTERFACE MENGGUNAKAN METODE UCD;Sistem Terdistribusi (Web Service);1;1
1317;PERANCANGAN APLIKASI PENANGANAN OLT TERINTEGRASI API BOT TELEGRAM;Sistem Terdistribusi (Web Service);1;1
1318;PERANCANGAN APLIKASI PURCHASE ORDER BERBASIS ANDROID;E-Commerce;1;1
1319;ANALISIS TINGKAT KELULUSAN SISWA MENGGUNAKAN METODE NAIVE BAYES;Artificial Intelligence;2;1
1320;ANALISIS KLASIFIKASI CORRELATED NAIVE BAYES UNTUK PEMILIHAN KONSENTRASI;Data Mining;1;1
1321;PERANCANGAN SISTEM PENDUKUNG KEPUTUSAN ATLET BASKET MENGGUNAKAN METODE AHP;Sistem Pendukung Keputusan;1;1
1322;MEDIA SHARING KARYA SASTRA TULIS MENGGUNAKAN METODE LAVENDHTEIN DISTANCE;Data Mining;1;1
1323;PERBANDINGAN ALGORITMA K-NEAREST NEIGHBOR DAN RANDOM FOREST UNTUK PREDIKSI STUNTING;Artificial Intelligence;5;1
1324;PERANCANGAN APLIKASI OPTIMASI JALUR PENJUALAN MENGGUNAKAN METODE VRP;Data Mining;1;1
1325;IMPLEMENTASI SISTEM MONITORING PERKEMBANGAN PROYEK;Sistem Terdistribusi (Web Service);1;1
1326;RANCANGAN BANGUN APLIKASI CHATBOT UNTUK LAYANAN CUSTOMER SERVICE;Artificial Intelligence;1;1
1327;KLASIFIKASI POLA PENJUALAN MOBIL MENGGUNAKAN ALGORITMA APRIORI;Data Mining;1;1
1328;PENERAPAN ALGORITMA NAIVE BAYES UNTUK MENGUKUR TINGKAT KEPUASAN PUBLIK;Data Mining;1;1
1329;ANALISIS KUALITAS LAYANAN DAN TINGKAT KEPUASAN NASABAH DENGAN METODE SERVQUAL;Data Analyst;1;1
1330;ANALISIS TINGKAT KEPUASAN PASIEN TERHADAP SISTEM PENGELOLAAN JADWAL;Data Analyst;1;1
1331;SISTEM INFORMASI PELAYANAN & PENJADWALAN MEMBERSHIP MENGGUNAKAN ALGORITMA GREEDY;Data Mining;1;1
1332;ANALISIS RESIKO KEAMANAN SISTEM INFORMASI WEBSITE MENGGUNAKAN METODE NIST;Keamanan Komputer dan Informasi;1;1
1333;IMPLEMENTASI METODE EDAS DALAM KELAYAKAN KOMPETENSI TRAINERS;Sistem Pendukung Keputusan;1;1
1334;IMPLEMENTASI METODE UCD PADA DESIGN UI/UX APLIKASI VOICE OVER PAGE;Sistem Terdistribusi (Web Service);1;1
1335;APLIKASI TARGETING DATA PEMBACA MEDIA ONLINE MENGGUNAKAN METODE MOVING AVERAGE;Data Mining;1;1
1336;IMPLEMENTASI ALGORITMA REINFORCEMENT LEARNING DALAM PEMBELAJARAN MOTORIK ANAK;Artificial Intelligence;1;1
1337;PENERAPAN RESTFULL SERVICE DALAM SISTEM INFORMASI GEOGRAFIS PARIWISATA;Sistem Terdistribusi (Web Service);5;1
1338;IMPLEMENTASI METODE DOUBLE EXPONENTIAL SMOOTHING PENJUALAN MOBIL;Data Mining;5;1
1339;ANALISIS PREDIKSI PERTUMBUHAN JUMLAH PENDUDUK MENGGUNAKAN ALGORITMA RANDOM FOREST;Artificial Intelligence;5;1
1340;ANALISIS TINGKAT KEPUASAN PENGGUNA PADA PEMANFAATAN E-LEARNING;Data Analyst;5;1
1341;KOMPARASI ALGORITMA NAIVE BAYES DAN SVM DALAM MEMPREDIKSI KASUS HIPERTENSI;Data Mining;1;1
1342;DETEKSI DAN ANALISIS RANSOMWARE MENGGUNAKAN METODE DYNAMIC-STATIC ANALYSIS;Keamanan Komputer dan Informasi;5;1
1343;ANALISIS PENGARUH MATA KULIAH APLIKASI KONSENTRASI DAN PROGRAM PROFESIONAL;Intelligent System and Control/IoT;2;1
1344;PENERJEMAH BAHASA ISYARAT MENGGUNAKAN MEDIAPIPE DAN RANDOM FOREST;Artificial Intelligence;2;1
1345;APLIKASI MONITORING PERKEMBANGAN STATUS GIZI ANAK DENGAN METODE ANTROPOMETRI;Sistem Terdistribusi (Web Service);2;1
1346;ANALISIS TINGKAT KEPUASAN MAHASISWA TERHADAP SISTEM INFORMASI AKADEMIK;Intelligent System and Control/IoT;2;1
1347;ANALISIS KEPUASAN PELAYANAN KLINIK DENGAN METODE IPA;Intelligent System and Control/IoT;2;1
1348;TRANSFORMASI ARSITEKTUR MONOLITIK KE ARSITEKTUR MICROSERVICE;Sistem Terdistribusi (Web Service);2;1
1349;ANALISIS PREDIKSI PERSEDIAAN BAHAN MINUMAN MENGGUNAKAN ALGORITMA WMA;Artificial Intelligence;2;1
1350;ANALISIS PERBANDINGAN MODEL CONTENT BASED FILTERING DAN COLLABORATIVE FILTERING;Artificial Intelligence;2;1
1351;ANALISIS FAKTOR KESULITAN MEMAHAMI BAHASA PEMOGRAMAN MENGGUNAKAN NAIVE BAYES;Artificial Intelligence;2;1
1352;PREDIKSI PERSEDIAAN BAHAN BAKU MENGGUNAKAN METODE REGRESI;Artificial Intelligence;2;1
1353;IMPLEMENTASI METODE SEQUENTAL SEARCH PADA APLIKASI E-BOOK;Artificial Intelligence;2;1
1354;PERANCANGAN SISTEM FORECASTING E-COMMERCE MENGGUNAKAN METODE REGRESI;Artificial Intelligence;2;1
1355;ANALISIS PENGARUH TEXT PREPROCESSING PADA ALGORITMA DAMERAU-LEVENSHTEIN DISTANCE;Artificial Intelligence;2;1
1356;PENERAPAN ALGORITMA SVM PADA SISTEM PENJUALAN UNTUK PREDIKSI TINGKAT PENJUALAN;Artificial Intelligence;2;1
1357;MEMPREDIKSI TINGKAT PENJUALAN SPARE PART MENGGUNAKAN REGRESI LINEAR BERGANDA;Artificial Intelligence;2;1
1358;IMPLEMENTASI METODE LEAST SQUERE PADA PERAMALAN PERSEDIAAN OBAT;Artificial Intelligence;2;1
1359;CHATBOT MENGGUNAKAN NATURAL LANGUAGE PROCESSING DAN MACHINE LEARNING;Artificial Intelligence;2;1
1360;ANALISIS PERBANDINGAN PERINGKAT KAMPUS DENGAN PENDEKATAN AHP DAN SAW;Artificial Intelligence;2;1
1361;PERANCANGAN ROBOT LENGAN BERODA PEMUNGUT SAMPAH;Intelligent System and Control/IoT;2;1
1362;RANCANG BANGUN SISTEM KEAMANAN PABRIK MENGGUNAKAN ESP32 CAM DAN SENSOR PIR;Intelligent System and Control/IoT;2;1
1363;IMPLEMENTASI CNN UNTUK KLASIFIKASI DAN PENCEGAHAN HAMA PADA TANAMAN SAWI;Artificial Intelligence;2;1
1364;PERANCANGAN SISTEM PENERIMAAN KIP MENGGUNAKAN METODE SAW;Artificial Intelligence;2;1
1365;PERBANDINGAN METODE ALGORITMA C4.5 DAN IMI UNTUK PREDIKSI KELULUSAN;Artificial Intelligence;2;1
1366;IMPLEMENTASI METODE MAUT DALAM PENENTUAN KELAYAKAN PEMBERIAN KREDIT;Artificial Intelligence;2;1
1367;ANALISIS PERBANDINGAN FRAMEWORK CODEIGNITER DAN LARAVEL;Sistem Terdistribusi (Web Service);2;1
1368;IMPLEMENTASI METODE VIKOR DALAM MENENTUKAN BANTUAN HIBAH;Artificial Intelligence;2;1
1369;IMPLEMENTASI METODE EDAS DALAM PENENTUAN PENERIMAAN BANTUAN HIBAH;Artificial Intelligence;2;1
1370;KOMPARASI ALGORITMA RSA DAN ELGAMAL PADA PENGAMANAN REKAM MEDIS;Keamanan Komputer dan Informasi;2;1
1371;PENERAPAN METODE FORECASTING LEAST SQUARE UNTUK MEMPREDIKSI PROVIT OUTLET WARALABA MY CREPE MAKASSAR;Artificial Intelligence;2;1
1372;KOMPARASI ALGORITMA NAIVE BAYES DAN SUPPORT VECTOR MACHINE UNTUK ANALISIS SENTIMEN TENTANG UNDANG-UNDANG CIPTA KERJA INDONESIA;Artificial Intelligence;2;1
1373;PENGEMBANGAN MEDIA PEMBELAJARAN INTERAKTIF BERBASIS ANDROID DENGAN METODE PROBLEM BASED LEARNING PADA MATA PELAJARAN MATEMATIKA;Sistem Terdistribusi (Web Service);2;1
1374;ANALISIS MANFAAT DAN DAMPAK PENGGUNAAN TEKNOLOGI ARTIFICIAL INTELEGENCIAL TERHADAP KUALITAS LAYANAN PENDIDIKAN;Artificial Intelligence;2;1
1375;ANALISIS TINGKAT KEPUASAN PENGGUNA TERHADAP WEBSITE TRIBUN TIMUR MENGGUNAKAN METODE PIECES;Sistem Terdistribusi (Web Service);2;1
1376;PENERAPAN ALGORITMA ROUND ROBIN DALAM MENENTUKAN PENYEWAAN LAPANGAN FUTSAL PADA BEEX FUTSAL;Intelligent System and Control/IoT;2;1
1377;ANALISIS KUALITAS WEB SIAKA UNDIPA MAKASSAR MENGGUNAKAN METODE LOAD TESTING DAN TOOLS K6;Sistem Terdistribusi (Web Service);2;1
1378;Komparasi Algoritma Naive Bayes Dan Support Vector Machine Dalam Memprediksi Kasus Hipertensi Di Puskesmas Tawanga;Data Mining;1;1
1379;Sistem Informasi Responsi Pengajuan Judul Skripsi Berbasis Web Pada Universitas Dipa Makassar;Sistem Terdistribusi (Web Service);1;1
1380;Sistem Informasi Penggajian Karyawan Berbasis Web Pada Pt Sarana Sinar Sulawesi;Sistem Terdistribusi (Web Service);1;1
1381;Klasifikasi Calon Tenaga Kerja Untuk Jenis Pelatihan Kerja Dengan Metode Naive Bayes;Data Mining;1;1
1382;Sistem Pendukung Keputusan Pemilihan Marketplace Menggunakan Metode Fuzzy Ahp Pada Usaha Kecil Dan Menengah (Ukm);Sistem Pendukung Keputusan;1;1
1383;PENGEMBANGAN MEDIA PEMBELAJARAN INTERAKTIF BERBASIS ANDROID;E-Commerce;1;1
1384;Pengembangan Sistem Informasi Dalam Peningkatan Pelayanan Dan Pengaduan Publik Pada Dinas Perkim Lh Kab Maros;Sistem Terdistribusi (Web Service);1;1
1385;Penerapan Algoritma Promethee Dalam Optimalisasi Penyeleksian Calon Karyawan Berbasis Web;Data Mining;3;1
1386;Implementasi Sistem Progressive Web Application (Pwa) Pada Order Queue Berbasis Android;Sistem Terdistribusi (Web Service);3;1
1387;Analisis Sentimen Terhadap Kelemahan Undang-Undang Cipta Kerja Pada Media Sosial Twitter Menggunakan Decision Tree;Data Mining;3;1
1388;IMPLEMENTASI METODE DIJKSTRA DALAM PENENTUAN RUTE PENJUALAN TOKO OLEH-OLEH KHAS MAROS;Optimasi Database;3;1
1389;PERANCANGAN SISTEM PENGENDALIAN PERSEDIAAN BARANG MENGGUNAKAN METODE PARETO ABC;Optimasi Database;3;1
1390;IMPLEMENTASI ALGORITMA SIMPLE ADDITIVE WEIGHTING (SAW) UNTUK MENENTUKAN WISUDAWAN TERBAIK;Data Mining;3;1
1391;Analisis Kinerja Website Siaka Universitas Dipa Makassar Dengan Metode Importance Performance Analisis;UI/UX Desain;3;1
1392;SISTEM REKOMENDASI PRODUK MENGGUNAKAN ALGORITMA APRIORI;Data Mining;3;1
1393;IMPLEMENTASI METODE CROSS ENTROPY UNTUK DISTRIBUSI OBAT;Optimasi Database;3;1
1394;IMPLEMENTASI TREND EXPONENTIAL DALAM SISTEM INFORMASI PENJUALAN;E-Commerce;3;1
1395;KLASIFIKASI OPINI MASYARAKAT PADA FACEBOOK TERHADAP OPERATOR SELULER;Data Scientist;5;1
1396;Analisis Sentimen Terhadap Event Flash Sale Aplikasi Shopee Pada Media Sosial Twitter;Data Scientist;5;1
1397;Perancangan Aplikasi Laundry Terintegrasi Api Whatsapp Berbasis Android;Software Cloud;5;1
1398;Perancangan Aplikasi Simulasi Try Out Menggunakan Algoritma Random Permutation;Software Cloud;5;1
1399;Rancang Bangun Sistem Pengeloaan Data Penduduk Kelurahan Buntusu Berbasis Web;Software Cloud;5;1
1400;Perancangan Sistem Informasi Pengelolaan Data Penduduk Berbasis Web Pada Rt 001 Kelurahan Tiroang;Software Cloud;5;1
1401;Rancang Bangun Aplikasi Perpustakaan Digital SMP Negeri 34 Makassar;Sistem Terdistribusi (Web Service);1;1
1402;Perancangan Sistem Absensi Karyawan Menggunakan Validasi Koordinat Lokasi;Intelligent System and Control/IoT;2;1
1403;ANALISIS DETEKSI GANGGUAN KECEMASAN PADA ANAK MENGGUNAKAN JARINGAN SARAF TIRUAN;Artificial Intelligence;2;1
1404;ANALISIS PERBANDINGAN TINGKAT KEPUASAN DAN PENGARUH APLIKASI DOMPET DIGITAL MENGGUNAKAN METODE EUCS;Data Analyst;1;1
1405;IMPLEMENTASI MICROSERVICE ARCHITECTURE (MSA) PADA WEB SIAKA;Sistem Terdistribusi (Web Service);2;1
1406;ANALISIS FAKTOR YANG MEMPENGARUHI KEPUTUSAN MAHASISWA S1 DENGAN METODE AHP;Sistem Pendukung Keputusan;1;1
1407;ANALISIS SENTIMEN TERHADAP KELEMAHAN UNDANG-UNDANG CIPTA KERJA MENGGUNAKAN DECISION TREE;Data Mining;1;1
1408;SISTEM PENDUKUNG KEPUTUSAN PEMILIHAN MARKETPLACE MENGGUNAKAN METODE FUZZY AHP;Sistem Pendukung Keputusan;1;1
1409;PENGEMBANGAN APLIKASI EDUKASI PENGENALAN FLORA DAN FAUNA MENGGUNAKAN MARKERLESS AUGMENTED REALITY;Analisis dan Desain Multimedia;5;1
1410;PROTOTIPE ALAT UKUR STOK PADA TANGKI PENYIMPANAN BBM MENGGUNAKAN SENSOR ULTRASONIC;Intelligent System and Control/IoT;2;1
1411;Rancang Bangun Aplikasi Penilaian Kinerja Guru;Sistem Terdistribusi (Web Service);1;1
1412;Perancangan Sistem Informasi Desa Untuk Meningkatkan Pelayanan Publik;Sistem Terdistribusi (Web Service);1;1
1413;Rancang Bangun Sistem Penjualan Kuota Internet Dan Pulsa Berbasis Web;E-Commerce;3;1
1414;Perancangan Aplikasi E-Commerce Pemesanan Souvenir Khas Makassar;E-Commerce;3;1
1415;IMPLEMENTASI METODE PROMETREE PADA SISTEM PENENTUAN PRIORITAS PEMBANGUNAN;Sistem Pendukung Keputusan;1;1
1416;SISTEM INFORMASI TRACKING RECORD PROSES LOGISTIK;Sistem Terdistribusi (Web Service);1;1
1417;Perancangan Sistem Penjualan Baju Berbasis Web;E-Commerce;3;1
1418;Klasifikasi Tingkat Kepuasan Pelanggan Dengan Metode Naive Bayes;Data Mining;3;1
1419;Perancangan Sistem Informasi Keuangan Berbasis Web;Sistem Terdistribusi (Web Service);1;1
1420;IMPLEMENTASI METODE AHP DAN WP PADA SISTEM PENDUKUNG KEPUTUSAN;Sistem Pendukung Keputusan;1;1
1421;PERANCANGAN APLIKASI PENJUALAN KUE KERING BERBASIS WEBSITE;E-Commerce;3;1
1422;PERANCANGAN E-COMMERCE UNTUK SISTEM PEMESANAN SABLON KAOS;E-Commerce;3;1
1423;PERANCANGAN APLIKASI PENGAJUAN JUDUL TUGAS AKHIR BERBASIS ANDROID;Sistem Terdistribusi (Web Service);1;1
1424;ANALISIS UI DAN UX PADA APLIKASI KKL UNDIPA MENGGUNAKAN METODE UCD;UI/UX Desain;3;1
1425;ANALISIS UI/UX MENGGUNAKAN METODE SUS PADA WEBSITE SIAKA;UI/UX Desain;3;1
1426;PERANCANGAN APLIKASI E-COMMERCE PENJUALAN COKELAT;E-Commerce;3;1
1427;PERANCANGAN SISTEM APLIKASI MARKETPLACE PADA UMKM PRODUKSI SONGKOK;E-Commerce;3;1
1428;PERANCANGAN APLIKASI PENJUALAN DAN PENGADUAN PELANGGAN BERBASIS WEB;E-Commerce;3;1
1429;PERANCANGAN SISTEM APLIKASI LAUNDRY BERBASIS WEB;E-Commerce;3;1
1430;PERANCANGAN SISTEM INFORMASI REVIEW TAMU BERBASIS WEB;Sistem Terdistribusi (Web Service);1;1
1431;SISTEM INFORMASI PERPUSTAKAAN PADA SMAN 18 MAKASSAR;Sistem Terdistribusi (Web Service);1;1
1432;PENENTUAN JARAK LOKASI PUSKESMAS MENGGUNAKAN METODE HAVERSINE PADA SISTEM INFORMASI GEOGRAFIS;Intelligent System and Control/IoT;2;1
1433;SISTEM ENKRIPSI DAN DESKRIPSI MUNGGUNAKAN ALGORITMA 3DES ENCRYPTION STANDARD;Keamanan Komputer dan Informasi;2;1
1434;ANALISIS SENTIMEN TERHADAP PENGGUNAAN AI ART PADA INDUSTRI SENI DIGITAL;Artificial Intelligence;2;1
1435;RANCANG BANGUN APLIKASI REKOMENDASI MENGGUNAKAN METODE JARINGAN SYARAF TIRUAN;Artificial Intelligence;2;1
1436;PERANCANGAN SISTEM PENILAIAN KINERJA GURU MENGGUNAKAN METODE TOPSIS;Sistem Pendukung Keputusan;1;1
1437;IMPLEMENTASI METODE REGRESI DALAM MEMPREDIKSI JUMLAH PRODUKSI;Data Mining;1;1
1438;ANALISIS PERBANDINGAN METODE K-MEANS DAN NAIVE BAYES PADA KLASIFIKASI PENJUALAN;Data Mining;1;1
1439;PENERAPAN METODE SUPPORT VECTOR MACHINE UNTUK KLASIFIKASI BERITA;Artificial Intelligence;2;1
1440;APLIKASI PREDIKSI PENJUALAN BUAH MENGGUNAKAN METODE REGRESI LINEAR;Artificial Intelligence;2;1
1441;PERANCANGAN GAME EDUKASI PENGENALAN RUMAH DAN AKSARA LONTARA;Game;5;1
1442;PERANCANGAN UI/UX APLIKASI TANYA JAWAB SEPUTAR IT;UI/UX Desain;3;1
1443;SISTEM PENENTUAN PENERIMA BANTUAN SOSIAL MENGGUNAKAN METODE C4.5;Data Mining;1;1
1444;ANALISIS KUALITAS LAYANAN PERPUSTAKAAN MENGGUNAKAN METODE SERVQUAL;Data Analyst;1;1
1445;ANALISIS PERBANDINGAN SISTEM PREDIKSI MASA STUDI MAHASISWA;Data Mining;1;1
1446;ANALISIS FAKTOR KEPUTUSAN KONSUMEN MENGGUNAKAN REGRESI LOGISTIK BINER;Data Analyst;1;1
1447;ANALISIS FAKTOR KEPUTUSAN KONSUMEN DENGAN METODE COST BENEFIT ANALYSIS;Data Analyst;1;1
1448;SISTEM INFORMASI BIMBINGAN TUGAS AKHIR MAHASISWA BERBASIS WEB;Sistem Terdistribusi (Web Service);1;1
1449;IMPLEMENTASI ALGORITMA APRIORI UNTUK PREDIKSI KEBUTUHAN;Data Mining;1;1
1450;SISTEM PENENTUAN KEPRIBADIAN MAHASISWA BARU MENGGUNAKAN NAIVE BAYES;Data Mining;1;1
1451;PERANCANGAN UI/UX APLIKASI BELANJA SAYUR ONLINE;UI/UX Desain;3;1
1452;ANALISIS SENTIMEN DAN KLASIFIKASI TOPIK BERITA DENGAN NAIVE BAYES;Artificial Intelligence;2;1
1453;ANALISIS DAN PERANCANGAN APLIKASI PEMESANAN FURNITURE MENGGUNAKAN FCFS;E-Commerce;3;1
1454;ANALISIS DAN PREDIKSI PENJUALAN TIKET MENGGUNAKAN SVM;Artificial Intelligence;2;1
1455;ANALISIS PERBANDINGAN ALGORITMA KNN DAN NAÏVE BAYES;Data Mining;1;1
1456;PERANCANGAN ULANG UI/UX APLIKASI ONLINE TICKETING;UI/UX Desain;3;1
1457;EKSPLORASI POLA KLASTER DATA PELANGGAN MENGGUNAKAN K-MEANS;Data Mining;1;1
1458;IMPLEMENTASI METODE CPI DALAM PEMILIHAN LAPTOP;Sistem Pendukung Keputusan;1;1
1459;RANCANG BANGUN SISTEM PENENTUAN PENERIMA BANTUAN SOSIAL;Sistem Pendukung Keputusan;1;1
1460;ANALISIS PEMASARAN CENGKEH DENGAN METODE K-MEDIDS DAN RAPIDMINER;Data Mining;1;1
1461;IMPLEMENTASI PENDEKATAN ERP PADA SISTEM INFORMASI MANEJEMEN PRODUKSI MEBEL;E-Bisnis;1;1
1462;ANALISA POLA PEMINJAMAN BUKU MENGGUNAKAN ALGORITMA NAIVE BAYES;Data Mining;1;1
1463;SISTEM PEMILIHAN PLATFORM INVESTASI EMAS MENGGUNAKAN METODE AHP;Sistem Pendukung Keputusan;1;1
1464;Rancangan Bangun Aplikasi ChatBot Untuk Layanan Customer Service;Artificial Intelligence;1;1
1465;Klasifikasi Pola Penjualan Mobil Menggunakan Algoritma Apriori;Data Mining;1;1
1466;Penerapan Algoritma Naive Bayes Untuk Mengukur Tingkat Kepuasan Publik;Data Mining;1;1
1467;Analisis Kualitas Layanan Dan Tingkat Kepuasan Nasabah Dengan Metode Servqual;Data Analyst;1;1
1468;Analisis Tingkat Kepuasan Pasien Terhadap Sistem Pengelolaan Jadwal;Data Analyst;1;1
1469;Sistem Informasi Pelayanan & Penjadwalan Membership Menggunakan Algoritma Greedy;Sistem Terdistribusi (Web Service);1;1
1470;Analisis Resiko Keamanan Sistem Informasi Website Menggunakan Metode NIST;Keamanan Komputer dan Informasi;1;1
1471;Implementasi Metode EDAS Dalam Kelayakan Kompetensi Trainers;Sistem Pendukung Keputusan;1;1
1472;Implementasi Metode UCD Pada Design UI/UX;UI/UX Desain;3;1
1473;Aplikasi Targeting Data Pembaca Media Online Menggunakan Metode Moving Average;Data Mining;1;1
1474;Implementasi Algoritma Reinforcement Learning Dalam Game Pet's Go;Game;5;1
1475;Penerapan Restfull Service Dalam Sistem Informasi Geografis Pariwisata;Sistem Terdistribusi (Web Service);5;1
1476;Implementasi Metode Double Exponential Smoothing Penjualan Mobil;Data Scientist;5;1
1477;Analisis Prediksi Pertumbuhan Penduduk Menggunakan Algoritma Random Forest;Data Scientist;5;1
1478;Analisis Tingkat Kepuasan Pengguna E-Learning;Software Cloud;5;1
1479;Komparasi Algoritma Naive Bayes dan SVM dalam Memprediksi Kasus Hipertensi;Data Mining;1;1
1480;Deteksi dan Analisis Ransomware Menggunakan Dynamic-Static Analysis;Keamanan Komputer dan Informasi;5;1
1481;ANALISIS PENGARUH MATA KULIAH TERHADAP PEMBUATAN SKRIPSI;Artificial Intelligence;2;1
1482;PENERJEMAH BAHASA ISYARAT MENGGUNAKAN MEDIAPIPE DAN RANDOM FOREST;Artificial Intelligence;2;1
1483;APLIKASI MONITORING PERKEMBANGAN STATUS GIZI ANAK DAN BALITA;Sistem Terdistribusi (Web Service);2;1
1484;ANALISIS TINGKAT KEPUASAN MAHASISWA TERHADAP SIAKA;Sistem Terdistribusi (Web Service);2;1
1485;ANALISIS KEPUASAN PELAYANAN KLINIK DENGAN METODE IPA;Intelligent System and Control/IoT;2;1
1486;TRANSFORMASI ARSITEKTUR MONOLITIK KE MICROSERVICE;Sistem Terdistribusi (Web Service);2;1
1487;ANALISIS PREDIKSI PERSEDIAAN MENGGUNAKAN WEIGHT MOVING AVERAGE;Artificial Intelligence;2;1
1488;ANALISIS PERBANDINGAN MODEL ALGORITMA REKOMENDASI LAPTOP;Artificial Intelligence;2;1
1489;ANALISIS FAKTOR KESULITAN PEMROGRAMAN MENGGUNAKAN NAIVE BAYES;Artificial Intelligence;2;1
1490;PREDIKSI PERSEDIAAN BAHAN BAKU MENGGUNAKAN METODE REGRESI;Data Mining;1;1
1491;IMPLEMENTASI METODE SEQUENTAL SEARCH PADA APLIKASI E-BOOK PERPUSTAKAAN;Sistem Terdistribusi (Web Service);2;1
1492;PERANCANGAN SISTEM FORECASTING E-COMMERCE MENGGUNAKAN METODE REGRESI;Artificial Intelligence;2;1
1493;ANALISIS PENGARUH IMPLEMENTASI TEXT PREPROCESSING PADA ALGORITMA DAMERAU-LEVENSHTEIN;Artificial Intelligence;2;1
1494;PENERAPAN ALGORITMA SVM PADA SISTEM PENJUALAN UNTUK MEMPREDIKSI TINGKAT PENJUALAN;Artificial Intelligence;2;1
1495;MEMPREDIKSI TINGKAT PENJUALAN MENGGUNAKAN METODE REGRESI LINEAR BERGANDA;Artificial Intelligence;2;1
1496;IMPLEMENTASI METODE LEAST SQUERE PADA PERAMALAN PERSEDIAAN OBAT;Artificial Intelligence;2;1
1497;CHATBOT MENGGUNAKAN NATURAL LANGUAGE PROCESSING DAN MACHINE LEARNING;Artificial Intelligence;2;1
1498;ANALISIS PERBANDINGAN PERINGKAT KAMPUS DENGAN PENDEKATAN AHP DAN SAW;Artificial Intelligence;2;1
1499;PERANCANGAN ROBOT LENGAN BERODA PEMUNGUT SAMPAH;Robotic;2;1
1500;RANCANG BANGUN SISTEM KEAMANAN PABRIK MENGGUNAKAN ESP32 CAM DAN SENSOR PIR;Intelligent System and Control/IoT;2;1
1501;IMPLEMENTASI CNN UNTUK KLASIFIKASI DAN PENCEGAHAN HAMA TANAMAN;Artificial Intelligence;2;1
1502;PERANCANGAN SISTEM PENERIMAAN KIP MENGGUNAKAN METODE SAW;Artificial Intelligence;2;1
1503;PERBANDINGAN METODE C4.5 DAN IMI UNTUK MEMPREDIKSI KELULUSAN;Artificial Intelligence;2;1
1504;IMPLEMENTASI METODE MAUT DALAM PENENTUAN KELAYAKAN PEMBERIAN KREDIT;Sistem Pendukung Keputusan;1;1
1505;ANALISIS PERBANDINGAN FRAMEWORK CODEIGNITER DAN LARAVEL;Sistem Terdistribusi (Web Service);2;1
1506;IMPLEMENTASI METODE VIKOR DALAM MENENTUKAN BANTUAN HIBAH;Sistem Pendukung Keputusan;2;1
1507;KOMPARASI ALGORITMA RSA DAN ELGAMAL PADA PENGAMANAN REKAM MEDIS;Keamanan Komputer dan Informasi;2;1
1508;PENERAPAN METODE FORECASTING LEAST SQUARE UNTUK MEMPREDIKSI PROFIT;Artificial Intelligence;2;1
1509;KOMPARASI NAIVE BAYES DAN SVM UNTUK ANALISIS SENTIMEN;Artificial Intelligence;2;1
1510;PENGEMBANGAN MEDIA PEMBELAJARAN INTERAKTIF BERBASIS ANDROID;Sistem Terdistribusi (Web Service);2;1
1511;ANALISIS MANFAAT DAN DAMPAK PENGGUNAAN AI;Artificial Intelligence;2;1
1512;ANALISIS TINGKAT KEPUASAN PENGGUNA WEBSITE MENGGUNAKAN METODE PIECES;Sistem Terdistribusi (Web Service);2;1
1513;PENERAPAN ALGORITMA ROUND ROBIN DALAM PENYEWAAN LAPANGAN FUTSAL;Intelligent System and Control/IoT;2;1
1514;ANALISIS KUALITAS WEB MENGGUNAKAN METODE LOAD TESTING;Sistem Terdistribusi (Web Service);2;1
1515;SISTEM INFORMASI RESPONSI PENGAJUAN JUDUL SKRIPSI;Sistem Terdistribusi (Web Service);1;1
1516;SISTEM INFORMASI PENGGAJIAN KARYAWAN BERBASIS WEB;Sistem Terdistribusi (Web Service);3;1
1517;KLASIFIKASI CALON TENAGA KERJA MENGGUNAKAN NAIVE BAYES;Data Mining;1;1
1518;ANALISIS PERBANDINGAN METODE SMA DAN SES UNTUK PERAMALAN;Artificial Intelligence;2;1
1519;PENGEMBANGAN SISTEM INFORMASI PELAYANAN DAN PENGADUAN PUBLIK;Sistem Terdistribusi (Web Service);1;1
1520;PENERAPAN ALGORITMA PROMETHEE DALAM PENYELEKSIAN CALON KARYAWAN;Sistem Pendukung Keputusan;1;1
1521;Implementasi Sistem Progressive Web Application (PWA) Pada Order Queue Berbasis Android Di Toko Maleo;Sistem Terdistribusi (Web Service);2;1
1522;Implementasi Algoritma Turbo Boyer-Moore Pada Fitur Autocomplete Suggestion Sistem Pengarsipan (Studi Kasus : BPBD SULSEL);Artificial Intelligence;2;1
1523;Implementasi Metode Dijkstra Dalam Penentuan Rute Penjualan Toko Oleh-Oleh Khas Maros;Artificial Intelligence;2;1
1524;Perancangan Sistem Pengendalian Persediaan Barang Menggunakan Metode Pareto ABC Pada Toko Karo Ceria;Intelligent System and Control/IoT;2;1
1525;Implementasi Algoritma Simple Additive Weighting (SAW) Untuk Menentukan Wisudawan Terbaik Pada Universitas Dipa Makassar;Artificial Intelligence;2;1
1526;Analisis Kinerja Website SIAKA Universitas Dipa Makassar Dengan Metode Importance Performance Analisis (IPA);Data Analyst;1;1
1527;Penerapan Teknologi Web Service Dalam Penyewaan Lapangan Badminton;Sistem Terdistribusi (Web Service);1;1
1528;Sistem Rekomendasi Produk Menggunakan Algoritma Apriori Pada Herbal Makassar Shop;Data Mining;1;1
1529;Implementasi Metode Cross Entropy Untuk Distribusi Obat;Artificial Intelligence;2;1
1530;Perbandingan Algoritma SVM dan Naive Bayes Pada Analisis Sentimen Pengguna Twitter Terkait Batalnya Piala Dunia U-20 Di Indonesia;Artificial Intelligence;2;1
1531;Analisis Perbandingan Metode K-Means dan Naive Bayes Untuk Prediksi Minat Menentukan Minat UKM Mahasiswa Pada Universitas Dipa Makassar;Artificial Intelligence;2;1
1532;Implementasi Algoritma SVM Pada Aplikasi E-Arsip Di Kelurahan Antang;Artificial Intelligence;2;1
1533;Forecasting Analisis Penjualan Motor dan Alat-Alat Trail Kawasaki Di Toraja Menggunakan Metode Single Exponential Smoothing;Artificial Intelligence;2;1
1534;Implementasi Trend Exponential Dalam Sistem Informasi Penjualan Roti Pada OKO Roti Setia Kawan Maros;Data Analyst;1;1
1535;Klasifikasi Opini Masyarakat Pada Facebook Terhadap Operator Seluler Menggunakan Metode Naive Bayes;Data Mining;1;1
1536;Perancangan Aplikasi Simulasi Try Out Pada Yayasan Colegia Don Kes Loba Menggunakan Algoritma Random Permutation;Sistem Terdistribusi (Web Service);1;1
1537;Perancangan Aplikasi Laundry Terintegrasi API Whatsapp Berbasis Android Pada QNC Laundry;Sistem Terdistribusi (Web Service);1;1
1538;Penerapan Konsep Service-Oriented Architecture (SOA) pada Sistem Informasi Desa Pucak Maros;Sistem Terdistribusi (Web Service);5;1
1539;Implementasi Metode Trend Moment Untuk Penentuan Tingkat Keterlambatan Penerbangan Domestik di Bandar Udara Internasional Sultan Hasanuddin;Data Scientist;5;1
1540;Analisis Sentimen Terhadap Event Flash Sale Aplikasi Shopee Pada Media Sosial Twitter Menggunakan Metode Support Vector Machine(SVM);Artificial Intelligence;2;1
1541;Perancangan Sistem Rekomendasi Pemilihan Destinasi Wisata Kota Makassar Menggunakan Algoritma Collaborative Filtering Berbasis Web;Artificial Intelligence;5;1
1542;Rancang Bangun Sistem Pengelolaan Data Penduduk Kelurahan Buntusu Berbasis Web;Optimasi Database;3;1
1543;Perancangan Sistem Informasi Pengelolaan Data Penduduk Berbasis Web Pada RT 001 Kelurahan Tiroang Kabupaten Pinrang;Optimasi Database;3;1
1544;Rancang Bangun Aplikasi Perpustakaan Digital SMP Negeri 34 Makassar;E-Commerce;3;1
1545;Perancangan Sistem Absensi Karyawan Menggunakan Validasi Koordinat Lokasi Pada PT Telkomas Akses Area Makassar;Sistem Terdistribusi (Web Service);3;1
1546;"Analisis Deteksi Gangguan Kecemasan Pada Anak Menggunakan Jaringan Saraf Tiruan Dengan Metode ""SPSS""";Artificial Intelligence;2;1
1547;Analisis Perbandingan Tingkat Kepuasan dan Pengaruh Aplikasi Dompet Digital Bagi Mahasiswa Menggunakan Metode End-User Computing Satisfaction(EUCS);Intelligent System and Control/IoT;2;1
1548;Implementasi Microservice Architecture (MSA) Pada Web SIAKA Studi Kasus KRS dan Transkip;Sistem Terdistribusi (Web Service);2;1
1549;Analisis Faktor Yang Mempengaruhi Keputusan Mahasiswa S1 Dalam Melanjutkan Pendidikan Ke Jenjang Strata 2 Dengan Metode AHP;Artificial Intelligence;2;1
1550;Analisis Sentimen Terhadap Kelemahan Undang-Undang Cipta Kerja Pada Media Sosial Twitter Menggunakan Decision Tree;Artificial Intelligence;2;1
1551;Sistem Pendukung Keputusan Pemilihan Marketplace Menggunakan Metode Fuzzy AHPD Pada Usaha Kecil Dan Menengah (UKM) Pasar Sentral Makassar;Artificial Intelligence;2;1
1552;Pengembangan Aplikasi Edukasi Untuk Pengenalan Flora Dan Fauna Menggunakan Markerless Augmented Reality;Artificial Intelligence;2;1
1553;Prototipe Alat Ukur Stok Pada Tangki Penyimpanan BBM Menggunakan Sensor Ultrasonic;Intelligent System and Control/IoT;2;1
1554;Rancang Bangun Aplikasi Penilaian Kinerja Guru Pada SMAN 1 Bumiraya;Optimasi Database;3;1
1555;Perancangan Sistem Informasi Desa Untuk Meningkatkan Pelayanan Publik Di Desa Matirro Langi Berbasis Web;Sistem Terdistribusi (Web Service);3;1
1556;Rancang Bangun Sistem Penjualan Kuota Internet Dan Pulsa Berbasis Web (Studi Kasus Distributor Pulsa Inti Cell);E-Commerce;3;1
1557;Implementasi Metode Prometree Pada Sistem Penentuan Prioritas Pembangunan Perumahan Viola Indonesia;Sistem Pendukung Keputusan;1;1
1558;Sistem Informasi Tracking Record Proses Logistik Layanan Jasa Kontraktor Berbasis Web;Sistem Terdistribusi (Web Service);1;1
1559;Aplikasi Manajemen Pemberdayaan Kelompok Tani Pada Dinas Pertanian Kebupaten Barru Berbasis Web Dengan Metode Naive Bayes;Artificial Intelligence;2;1
1560;Perancangan Aplikasi E-Commerce Pemesanan Souvenir Khas Makassar Dengan Menerapkan Model B2C (Busnis To Customer);E-Commerce;3;1
1561;Perancangan Sistem Penjualan Baju Berbasis Web Pada Butik;E-Commerce;3;1
1562;Klasifikasi Tingkat Kepuasan Pelanggan Dengan Metode Naive Bayes Pada Sistem Penjualan Glora Cake;Data Mining;1;1
1563;Perancangan Sistem Informasi Keuangan Pada PT Kelompok Budidaya Vaname Berkarya Berbasis Web;Optimasi Database;3;1
1564;Penerapan Sistem Virtual Reality (VR) Objek Wisata Di Kabupaten Buton Tengah;Artificial Intelligence;2;1
1565;Perancangan Sistem Rekomendasi Alat Outdoor Menggunakan Metode Collaborative Filtering Pada CV. Setia Outdoor;Artificial Intelligence;2;1
1566;Aplikasi Jaringan Syaraf Tiruan Untuk Deteksi Dini Penyakit ISPA Pada Puskesmas Tamamaung Makassar;Artificial Intelligence;2;1
1567;Implementasi Algoritma Floyid Warshall Pada Aplikasi Service Sepeda Motor;Artificial Intelligence;2;1
1568;Analisis Sentimen Terhadap Kualitas Brand Lokal Pada Media TikTok Menggunakan Support Vector Machines;Artificial Intelligence;2;1
1569;Analisis Faktor Yang Mempengaruhi Ketidakstabilan Harga Bawang Merah Di Kecamatan Malua Kabupaten Enrekang Menggunakan Tools SPSS;Intelligent System and Control/IoT;2;1
1570;Implementasi Jaringan Sensor Nirkabel Untuk Monitoring Ruang Rawat Inap Klinik Inggit Medical Centre;Intelligent System and Control/IoT;2;1
1571;Penerapan Metode Moora Dalam Menentukan Rekomendasi Rumah Kos Berbasis Web Service Di Kec. Tamalanrea;Sistem Terdistribusi (Web Service);2;1
1572;Implementasi Jaringan Syaraf Tiruan Dalam Perancangan Sistem Deteksi Dini Gangguan Kesehatan Mental;Artificial Intelligence;2;1
1573;Implementasi Metode Weighted Aggregated Sum Product Assesment Pada Sistem Penentuan Kelayakan Operasi Transportasi Darat;Artificial Intelligence;2;1
1574;Analisis Minat Pekerjaan Setelah Menyelesaikan Studi Di Universitas Dipa Makassar Menggunakan Algoritma Decision Tree;Artificial Intelligence;2;1
1575;Sistem Informasi Manajemen Arsip Elektronik (E-Arsip) Menggunakan Sequential Search Pada PT. Tri Lintas Nusantara;Sistem Terdistribusi (Web Service);2;1
1576;Implementasi Metode Analytical Hierarchy Process Dan Metode Weighted Product Pada Sistem Pendukung Keputusan Penentuan Lulusan Terbaik;Sistem Pendukung Keputusan;1;1
1577;Perancangan Aplikasi Penjualan Kue Kering Berbasis Website Pada Rumah Kukis;E-Commerce;3;1
1578;Perancangan E-Commerce Untuk Sistem Pemesanan Sablon Kaos Dan Penjualan Produk Pada Parapi.id;E-Commerce;3;1
1579;Perancangan Aplikasi Pengajuan Judul Tugas Akhir Pada Universitas Dipanegara Berbasis Android;Sistem Terdistribusi (Web Service);3;1
1580;Analisis User Interface (UI) Dan User Experience (UX) Pada Aplikasi KKL UNDIPA Menggunakan Metode User Centered Design(UCD);UI/UX Desain;3;1
1581;Analisis UI/UX Menggunakan Metode System Usability Scale (SUS) Pada Website SIAKA Universitas Dipa Makassar;UI/UX Desain;3;1
1582;Perancangan Aplikasi E-Commerce Penjualan Cokelat Berbasis Website Pada Toko Chococraft;E-Commerce;3;1
1583;Perancangan Sistem Aplikasi Marketplace Pada UMKM Produksi Songkok Recca Menggunakan Framework Codeigniter Di Desa Lappo Ase;E-Commerce;3;1
1584;Perancangan Aplikasi Penjualan Dan Pengaduan Pelanggan Berbasis Web Pada Konveksi Istiqamah Ridha;E-Commerce;3;1
1585;Perancangan Sistem Aplikasi Laundry Sahabat Berbasis Web;E-Commerce;3;1
1586;Perancangan Sistem Informasi Review Tamu Berbasis Web Pada Hotel Maxone Makassar;Sistem Terdistribusi (Web Service);3;1
1587;Sistem Informasi Perpustakaan Pada SMAN 18 Makassar;Optimasi Database;3;1
1588;Penentuan Jarak Lokasi Puskesmas Di Kota Makassar Menggunakan Metode Haversine Pada Sistem Informasi Geografis;Artificial Intelligence;2;1
1589;Sistem Enkripsi Dan Deskripsi Menggunakan Algoritma 3DES Encryption Standard Dokumen Pada Web;Keamanan Komputer dan Informasi;2;1
1590;Analisis Sentimen Terhadap Penggunaan Artificial Intelligence (AI) Art Pada Industri Seni Digital Ilustrasi Bagi Seniman Digital Ilustrator;Artificial Intelligence;2;1
1591;Rancang Bangun Aplikasi Rekomendasi Dan Larangan Makanan Bagi Penderita Penyakit Gigi Menggunakan Metode Jaringan Syaraf Tiruan;Artificial Intelligence;2;1
1592;Perancangan Sistem Penilaian Kinerja Guru Menggunakan Metode TOPSIS;Sistem Pendukung Keputusan;1;1
1593;Implementasi Metode Regresi Dalam Memprediksi Jumlah Produksi Pada CV. Waero Water;Data Mining;1;1
1594;Analisis Perbandingan Metode K-Means Dan Naive Bayes Pada Klasifikasi Penjualan Barang;Data Mining;1;1
1595;Penerapan Metode Support Vector Machine Untuk Klasifikasi Berita Berbasis Real Time API;Artificial Intelligence;2;1
1596;Aplikasi Prediksi Penjualan Buah Berbasis Android Pada Rumah Buah Gowa Menggunakan Metode Regresi Linear;Artificial Intelligence;2;1
1597;Perancangan Game Edukasi Pengenalan Rumah Dan Aksara Lontara Menggunakan Algoritma Shuffle Random;Sistem Terdistribusi (Web Service);2;1
1598;Perancangan UI/UX Aplikasi Tanya Jawab Seputar IT Menggunakan Metode Design Thinking;UI/UX Desain;2;1
1599;Sistem Penentuan Penerima Bantuan Sosial Menggunakan Metode C4.5 Pada BBPPKS Makassar;Artificial Intelligence;2;1
1600;Analisis Kualitas Layanan Perpustakaan Universitas Dipa Makassar Menggunakan Metode Servqual;Intelligent System and Control/IoT;2;1
1601;Analisis Perbandingan Sistem Prediksi Masa Studi Mahasiswa Menggunakan Algoritma Regresi Linier Berganda Dan Algoritma C4.5;Artificial Intelligence;2;1
1602;Analisis Faktor Yang Mempengaruhi Pada Keputusan Konsumen Dalam Membeli Produk Menggunakan Metode Regresi Logistik Biner;Artificial Intelligence;2;1
1603;Analisis Faktor Yang Berpengaruh Pada Keputusan Konsumen Dalam Membeli Produk Di Shopee Dengan Metode Cost Benefit Analysis (CBA);Intelligent System and Control/IoT;2;1
1604;Sistem Informasi Bimbingan Tugas Akhir Mahasiswa Universitas Dipa Makassar Berbasis Web;Sistem Terdistribusi (Web Service);3;1
1605;Implementasi Algoritma Apriori Untuk Prediksi Kebutuhan Parfum Dan Mesin Laundry;Data Mining;1;1
1606;Sistem Penentuan Kepribadian Mahasiswa Baru Menggunakan Metode Naive Bayes Pada Universitas Dipa Makassar;Data Mining;1;1
1607;Perancangan UI/UX Aplikasi Belanja Sayur Online Menggunakan Metode Desain Thinking;UI/UX Desain;2;1
1608;Analisis Sentimen Dan Klasifikasi Topik Berita Pada Twitter Mengenai Kinerja Gubernur Sulawesi Selatan Dengan Metode Naive Bayes Classifier;Artificial Intelligence;2;1
1609;Analisis Dan Perancangan Aplikasi Pemesanan Furniture Menggunakan Algoritma First Come First Served (FCFS) Pada Rezky Aulia Furniture;Sistem Terdistribusi (Web Service);2;1
1610;Analisis Dan Prediksi Penjualan Tiket PO. Primadona Menggunakan Algoritma Support Vector Machine (SVM);Artificial Intelligence;2;1
1611;Perancangan Ulang User Interface Dan User Experience Aplikasi Online Ticketing Menggunakan Metode Design Thinking;UI/UX Desain;3;1
1612;Eksplorasi Pola Klaster Data Pelanggan Menggunakan Analisis K-Means : Studi Kasus Pada Toko Penjual Online Tokopedia;Artificial Intelligence;2;1
1613;Implementasi Metode Composite Performance Index (CPI) Dalam Pemilihan Laptop Untuk Kebutuhan Kuliah Mahasiswa Teknik Informatika;Artificial Intelligence;2;1
1614;Rancang Bangun Sistem Penentuan Penerima Bantuan Sosial Menggunakan Metode SAW Dan TOPSIS;Artificial Intelligence;2;1
1615;Analisis Pemasaran Cengkeh Di Kabupaten Bone Dengan Metode K-Medids Dan Rapidminer;Artificial Intelligence;2;1
1616;Implementasi Pendekatan Enterprise Resource Planning (ERP) Pada Sistem Informasi Manajemen Produksi Mebel;Sistem Terdistribusi (Web Service);1;1
1617;Analisa Pola Peminjaman Buku Untuk Klasifikasi Penempatan Letak Buku Menggunakan Algoritma Naive Bayes;Data Mining;1;1
1618;Pengembangan Aplikasi SIAKA Universitas Dipa Makassar Berbasis UI/UX Dengan Metode Design Thinking;Sistem Terdistribusi (Web Service);2;1
1619;Penerapan Algoritma Multifactor Evaluation Process (MFEP) Dalam Menentukan Suplier Terbaik Untuk Persediaan Alat Bahan Dan ATK Pada Abdi Agung Berbasis Web;Sistem Pendukung Keputusan;1;1
1620;Sistem Pemilihan Platform Investasi Emas Menggunakan Metode Analytical Hierarchy Process (AHP) Berbasis Web;Sistem Pendukung Keputusan;1;1
1621;Analisis Kinerja Keuangan Pada Kedai Dejavu Food Menggunakan Metode Dupont;Intelligent System and Control/IoT;2;1
1622;Perancangan Sistem Pendukung Keputusan Pengangkatan Karyawan Tetap Menggunakan Metode Profile Matching;Sistem Pendukung Keputusan;1;1
1623;Analisis Pengaruh Efektivitas Dan Manfaat E-Commerce Terhadap Sikap Dan Perilaku Pengguna Menggunakan SPSS (Studi Kasus : Toko Missy Shop Makassar);Sistem Terdistribusi (Web Service);2;1
1624;Pemanfaatan Layanan Berbasis Cloud Computing Terintegrasi Dengan Media Sosial Pada Aplikasi Penjualan Hasil Tani;Cloud Computing;5;1
1625;Perancangan Aplikasi Absensi Berbasis Lokasi Dan Android Untuk Perhitungan Tunjangan Kinerja Pegawai Pada Kantor Desa Galesong Baru;Sistem Terdistribusi (Web Service);3;1
1626;Analisis Perbandingan Metode Support Vector Machine Dan K-Nearest Neighbors Dalam Memprediksi Jumlah Penjualan Produk Outdoor Pada CV Setia Outdoor;Artificial Intelligence;2;1
1627;Analisis Sistem Penjualan Menggunaan Algoritma Equivalence Class Transformation (ECLAT) Untuk Menentukan Strategi Pemasaran Produk Berbasis Website;Artificial Intelligence;2;1
1628;"Rancang Bangun Aplikasi Pembelajaran Gitar ""Guitario"" Menggunakan Metode Fast Fourier Transform";Artificial Intelligence;2;1
1629;Implementasi Algoritma Fisher Yates Pada Soal Ujian Online SMA Bunda Kasih Makassar;Artificial Intelligence;2;1
1630;Perancangan Aplikasi Sistem Pembelajaran Online Dengan Metode Web Base Learning;Sistem Terdistribusi (Web Service);2;1
1631;Analisis Prediksi Perawatan Kendaraan Menggunakan Metode Support Vector Machine Berdasarkan Uji KIR Terakhir;Artificial Intelligence;2;1
1632;Penerapan Algoritma Round Robin Dalam Penentuan Jadwal Lapangan Futsal Berbasis Web;Artificial Intelligence;2;1
1633;Penerapan Metode Support Vector Machine Dalam Mengklarifikasikan Ulasan Berbelanja Online Di Aplikasi X;Artificial Intelligence;2;1
1634;Identifikasi Gejala Gangguan Kesehatan Mental Pada Mahasiswa Dipa Makassar Menggunakan Model Naive Bayes;Artificial Intelligence;2;1
1635;Perancangan Aplikasi Pembayaran SPP Berbasis Web Pada SMA Advent Timika;Sistem Terdistribusi (Web Service);2;1
1636;Perancangan Application Service API Terintegrasi Payment Gateway Pada Aplikasi Penjualan Tiket Berbasis Website : Studi Kasus Gaveme.id;Sistem Terdistribusi (Web Service);2;1
1637;Analisis Sistem Keamanan Data Penerapan Blockchain Dan Algoritma RSA Pada WOM Finance;Keamanan Komputer dan Informasi;2;1
1638;Perancangan Aplikasi E-Learning Di SMPN Sanur Makassar;Sistem Terdistribusi (Web Service);2;1
1639;Perancangan Sistem Rekomendasi Dosen Pembimbing Dan Penguji Skripsi Di Universitas Dipa Makassar Menggunakan Algoritma Naïve Bayes;Artificial Intelligence;2;1
1640;Identifikasi Strategi Promosi Kampus UNDIPA Menggunakan Analisa SWOT;Intelligent System and Control/IoT;2;1
1641;Desain Dan Evaluasi UI/UX Pada Aplikasi Pencarian Kost Menggunakan Metode Design Thinking;Artificial Intelligence;2;1
1642;Prediksi Tingkat Penjualan Laptop Menggunakan Metode Regresi Linear Berganda Di Toko Surya Santana Computer;Artificial Intelligence;2;1
1643;Penerapan Algoritma K-Means Untuk Clustering Dalam Analisa Data Pemakaian Obat Di Puskesmas;Artificial Intelligence;2;1
1644;Analisis Quality Of Service (QOS) Jaringan Wifi Menggunakan Wireshark (Studi Kasus : Universitas Dipa Makassar);Perancangan dan Optimasi Jaringan Komputer;2;1
1645;Analisis Sentimen Terhadap Perilaku Berbelanja Masyarakat Antara Online Dan Offline Dengan Hadirnya E-Commerce Di Twitter;Artificial Intelligence;2;1
1646;Perancangan Aplikasi Pelayanan Kesehatan Berbasis Android;Sistem Terdistribusi (Web Service);2;1
1647;Perancangan Dan Penerapan Metode Promethee Pada Sistem Seleksi Supplier Untuk Layanan Jasa General Kontraktor Kabel Jaringan Listrik Berbasis Web Di PT Tri Lintas Nusantara;Artificial Intelligence;2;1
1648;Deteksi Dan Perhitungan Kendaraan Truk Untuk Pengawasan Pelanggaran Lalu Lintas Menggunakan Mobilenet SSD;Artificial Intelligence;2;1
1649;Penerapan Metode Preference Ranking Organization Method For Enrichment Evaluation (PROMETHEE) Pada Sistem Seleksi Calon Karyawan Berbasis Web Di PO. Litha &CO;Artificial Intelligence;2;1
1650;Implementasi Algoritma Apriori Pada SIAKA Sekolah Untuk Mengklasifikasi Pekerjaan Orang Tua/Wali Siswa Terhadap Prestasi Siswa;Artificial Intelligence;2;1
1651;Penerapan Metode FIFO Pada Aplikasi Sistem Informasi Persediaan Stock Baju Toko Sinar Bahagia Berbasis Web;Sistem Terdistribusi (Web Service);2;1
1652;Game Puzzle Pengenalan Bidang Profesi Untuk Anak Berkebutuhan Khusus Tuna Grahita Berbasis Android;Artificial Intelligence;2;1
1653;Perancangan Aplikasi Pemesanan Barang Berbasis Web Menggunakan Algoritma Brute Force Pada Pasar Kopi Makassar;Sistem Terdistribusi (Web Service);2;1
1654;Sistem Klasifikasi Penyakit Gigi Dan Mulut Pada Gambar Intraoral Menggunakan Metode Jaringan Konvolusional Transfer Learning;Artificial Intelligence;2;1
1655;Perancangan Sistem Prediksi Kebahagiaan Menggunakan Metode Regresi Linear Berganda Berbasis Website;Artificial Intelligence;2;1
1656;Analisis Kinerja Akun Instagram UNDIPA Sebagai Sarana Promosi Menggunakan Algoritma Fuzzy;Artificial Intelligence;2;1
1657;Implementasi Machine Learning Dalam Sistem Rekomendasi Pemesanan Sayur Menggunakan Metode Content-Based Filtering;Artificial Intelligence;2;1
1658;Sistem Pakar Untuk Mendiagnosis Gangguan Mental Berbasis Web;Artificial Intelligence;2;1
1659;Analisis Kinerja Sistem Pendukung Keputusan Dalam Proses Rekomendasi Program Studi Untuk Calon Mahasiswa Baru Menggunakan Metode SAW;Artificial Intelligence;2;1
1660;Penerapan Horspool Algorithm Pada Aplikasi Translate Indonesia Ke Bahasa Daerah Berbasis Android : Studi Kasus 29 Bahasa;Artificial Intelligence;2;1
1661;Pemodelan Untuk Pemantauan Kualitas Udara Di Lingkungan Kota Makassar Menggunakan Metode Deep Neural Network;Artificial Intelligence;2;1
1662;Implementasi Sistem Penjadwalan Untuk Optimasi Rute Pengiriman Barang Menggunakan Algoritma Genetika;Artificial Intelligence;2;1
1663;Implementasi Model Biometrik Sidik Jari Pada NodeMCU ESP8266 Untuk Sistem Absensi Mahasiswa Berbasis Website;Intelligent System and Control/IoT;2;1
1664;Analisis Sentimen Terhadap Pengguna Media Sosial Terkait Konten For Your Page (FYP) Menggunakan Algoritma Naive Bayes;Artificial Intelligence;2;1
1665;Evaluasi Keamanan Website Menggunakan Metode Penetration Testing Dan Vulnerability Assessment Pada Website Kampus Dipa Makassar;Keamanan Komputer dan Informasi;2;1
1666;Analisis Tingkat Kepuasan Pasien Pada Skala Pelayanan Kesehatan Terhadap Kualitas Layanan Puskesmas Tamalanrea Jaya;Intelligent System and Control/IoT;2;1
1667;Perancangan Ulang UI Produk Oleh-Oleh Khas Bombana Dengan Pendekatan Desain Thinking;Sistem Terdistribusi (Web Service);2;1
1668;Perancangan Sistem Monitoring Kelembapan Media Tanam Dan Penyiraman Secara Otomatis Pada Tanaman Hias Aglonema;Intelligent System and Control/IoT;2;1
1669;Analisis Kelayakan Nasabah Terhadap Produk Tabungan Bank Sulselbar Menggunakan Algoritma Fuzzy C-Means Clustering;Artificial Intelligence;2;1
1670;Perancangan Dan Evaluasi Framework Laravel Pada Sistem Informasi Desa Buntu Barana;Sistem Terdistribusi (Web Service);2;1
1671;Perancangan Dan Evaluasi UI/UX Website Chromavue Menggunakan Metode System Usability Scale (SUS);Sistem Terdistribusi (Web Service);2;1
1672;Analisis Sentimen Kepuasan Masyarakat Berdasarkan Ulasan Pengguna Aplikasi 'Pakinta';Artificial Intelligence;2;1
1673;Analisis Tingkat Kebergunaan Website Dipa Virtual Learning Dengan Menggunakan Metode Heuristic Evaluation;Sistem Terdistribusi (Web Service);2;1
1674;Evaluasi Kepuasan Pengguna Pada Platform DIV-Learning Universitas Dipa Makassar Menggunakan Metode End User Computing Satisfaction (EUCS);Sistem Terdistribusi (Web Service);2;1
1675;Aplikasi Web Pasar Tradisional Dan Pelelangan Ikan Di Kecamatan Bontobahari Menggunakan Metode Collaborative Filtering;Artificial Intelligence;2;1
1676;Penerapan Algoritma Naïve Bayes Classifier Dalam Analisis Sentimen Komentar Pada X (Twitter) PT. PLN (Persero) Menggunakan Text Mining;Artificial Intelligence;2;1
1677;Analisis Faktor-Faktor Yang Mempengaruhi Pelayanan Pembayaran Pajak Badan Pendapatan Daerah Makassar Dengan Metode System Usability Scale (SUS);Sistem Terdistribusi (Web Service);2;1
1678;Implementasi Metode VIKOR Pada Rekomendasi Program Studi Di Universitas Dipa Makassar;Artificial Intelligence;2;1
1679;Analisis Prediksi Hasil Pertanian Di Kepulauan Selayar Menggunakan Metode Time Series : Studi Kasus Pada Produksi Padi;Artificial Intelligence;2;1
1680;Aplikasi Presensi Online Pada Meeting Room Berbasis Deteksi Wajah Dengan Metode Fisherface;Artificial Intelligence;2;1
1681;Analisis Peluang Sebuah Konten Dilihat Oleh Pengguna Instagram;Artificial Intelligence;2;1
1682;Prototype Pendeteksi Kelembapan Tanah Dan Kontrol Penyiraman Tanaman Berbasis IoT Menggunakan Metode Fuzzy Logic;Intelligent System and Control/IoT;2;1
1683;Sistem Monitoring Hasil Panen Berdasarkan Luas Lahan Tanaman Padi Pada Kecamatan Mattiro Sompe;Intelligent System and Control/IoT;2;1
1684;Analisis Dan Perancangan Sistem Pendukung Keputusan Penerima Beasiswa Peningkatan Prestasi Akademik (PPA) Dengan Metode SWARA Dan SAW;Artificial Intelligence;2;1
1685;Implementasi Deep Learning Untuk Deteksi Penyakit Hawar Daun Pada Tanaman Padi;Artificial Intelligence;2;1
1686;Perancangan Sistem Informasi Repositori Skripsi Menggunakan K-Means Berbasis Web Pada Universitas Dipa Makassar;Artificial Intelligence;2;1
1687;Evaluasi Kinerja Model Transfer Learning Untuk Deteksi Ekspresi Wajah Secara Realtime;Artificial Intelligence;2;1
1688;Perancangan Aplikasi Tryout Pada SDN Inpres 201 Palemba Menggunakan Metode Algoritma Shuffle Random Berbasis Web;Sistem Terdistribusi (Web Service);2;1
1689;Analisis Perbandingan Performa Normalisasi Data Untuk Klasifikasi Dataset Penyakit Menggunakan Metode K-Nearest Neighbor Dengan Aplikasi Rapidminer;Artificial Intelligence;2;1
1690;Perancangan Sistem Pendeteksi Golongan Darah Manusia Dengan Tampilan Web Berbasis IoT;Intelligent System and Control/IoT;2;1
1691;Sistem Informasi Reservasi Bimbingan Konseling Career Development Institut Teknologi Dan Bisnis Kalla Menggunakan Metode Sequential Search;Sistem Terdistribusi (Web Service);2;1
1692;Analisis Optimasi Sistem Absensi Berbasis RFID Card Dengan Metode Write-Behind Caching Menggunakan Redis Dan Docker;Intelligent System and Control/IoT;2;1
1693;Implementasi Internet Of Things (IoT) Untuk Monitoring Kualitas Udara Di Perumahan Dengan ESP32;Intelligent System and Control/IoT;2;1
1694;"Rancang Bangun Sistem Pemesanan Menu Pada Café ""Isi Kepala"" Menggunakan Metode Simple Additive Weighting (SAW)";Sistem Terdistribusi (Web Service);2;1
1695;Perancangan Chatbot Interaktif Untuk Pelayanan Informasi Dan Akademik Kampus Berbasis Artificial Intelligence Markup Language (AIML);Artificial Intelligence;2;1
1696;Menentukan Film Terbaik Berdasarkan Data Statistik Dengan Menggunakan Metode Weighted Sum Model (WSM);Artificial Intelligence;2;1
1697;Sistem Monitoring Kualitas Air Sumur Bor Di Perumahan Rachita Garden 2 Berbasis Internet Of Things;Intelligent System and Control/IoT;2;1
1698;Penerapan Sistem Monitoring Deteksi Kebakaran Berbasis IoT Pada Hunian Mahasiswa Menggunakan Sensor Flame Dan Kamera;Intelligent System and Control/IoT;2;1
1699;Implementasi Metode Exponential Smoothing Untuk Forecasting Kepadatan Berdasarkan Jumlah Penduduk Di Wilayah Provinsi Sulawesi Selatan;Artificial Intelligence;2;1
1700;Perancangan Dan Implementasi Sistem Informasi E-Klinik Pada Klinik Area Makassar;Sistem Terdistribusi (Web Service);2;1
1701;Perancangan Dan Implementasi Sistem Informasi Market Place Untuk Peningkatan Penjualan Produk UMKM Di Daerah Makassar;Sistem Terdistribusi (Web Service);2;1
1702;Analisis Ketepatan Waktu Tiba Pemesanan Barang Secara Online Menggunakan Metode Decision Tree;Artificial Intelligence;2;1
1703;Implementasi Sistem Deteksi Pencurian Menggunakan Sensor Kamera Dan Notifikasi Berbasis IoT;Intelligent System and Control/IoT;2;1
1704;Analisis Sentimen Ulasan Pada Aplikasi Adakami Di Play Store Menggunakan Algoritma Random Forest;Artificial Intelligence;2;1
1705;Implementasi Convolution Neural Network Untuk Mengidentifikasi Citra Dan Kesegaran Pada Spesies Ikan Nila;Artificial Intelligence;2;1
1706;Implementasi Metode Haar Cascade Classifier Dan LBPH Pada Sistem Absensi Menggunakan Pengenalan Wajah;Artificial Intelligence;2;1
1707;Analisis Pola Penjualan Pada Toko Fajar Sentosa Menggunakan Algoritma K-Means;Artificial Intelligence;2;1
1708;Analisis Algoritma K-Means Dan SVM Dalam Mengelompokkan Kunjungan Wisatawan Mancanegara Di Prov. Bali;Artificial Intelligence;2;1
1709;Segmentasi Preferensi Pekerjaan Berdasarkan Karakteristik Kepribadian;Artificial Intelligence;2;1
1710;Implementasi Sistem Absensi Perkuliahan Mahasiswa Berbasis Pengenalan Wajah Dengan REST API;Artificial Intelligence;2;1
1711;Analisis Sentimen Opini Penggiat UMKM Terhadap E-Commerce Tiktok Shop Dengan Menggunakan Metode Support Vector Machines (SVM);Artificial Intelligence;2;1
1712;Perancangan Aplikasi Log Book KKL UNDIPA Berbasis IOS;Sistem Terdistribusi (Web Service);2;1
1713;Analisis Pengaruh Aplikasi Game Mobile Legends Terhadap Mahasiswa Universitas Dipa Makassar Menggunakan Metode Naïve Bayes;Artificial Intelligence;2;1
1714;Analisis Dan Redesain UI/UX Aplikasi KKL Universitas Dipa Makassar Menggunakan Metode User Experience Questionnaire (UEQ);Sistem Terdistribusi (Web Service);2;1
1715;Implementasi Algoritma Bubble Sort Dalam Penyediaan Buku Online Berbasis Web;Sistem Terdistribusi (Web Service);2;1
1716;Analisis Tingkat Kepuasan Pengunjung Wisata Galung Dolli Bungaeja Menggunakan Metode Importance Performance Analysis (IPA);Intelligent System and Control/IoT;2;1
1717;Analisis Tampilan UI/UX Pada Sistem Dipa Virtual Learning (DIVLEARN) Dengan Menggunakan Metode Task Analysis Dan Tree Testing;Sistem Terdistribusi (Web Service);2;1
1718;Prototype Monitoring Keamanan Doorlock Berbasis IoT;Intelligent System and Control/IoT;2;1
1719;Penerapan Algoritma KNN Dan Adaboost Untuk Analisis Sentimen Terhadap Bakal Calon Presiden Dan Wakil Presiden 2024 Di Media Sosial Twitter;Artificial Intelligence;2;1
1720;Analisis Dan Visualisasi Data Pengguna Google Drive Sebagai Media Penyimpanan Berkas Online Menggunakan Metode K-Means;Artificial Intelligence;2;1
1721;Perancangan Aplikasi Rekomendasi Objek Wisata Di Wilayah Malino Menggunakan Metode Item Based Collaborative Filtering Berbasis Web;Artificial Intelligence;2;1
1722;Penentuan Kejernihan Air Secara Real Time Berdasarkan Citra Menggunakan Metode KNN Berbasis Android;Artificial Intelligence;2;1
1723;Perancangan Aplikasi City Tour Perjalanan Umroh Berbasis Android Pada Travel Jabal Rahmah;Sistem Terdistribusi (Web Service);2;1
1724;Klasifikasi Tingkat Kematangan Pada Buah Nangka Berdasarkan Warna Menggunakan Metode K-Nearest Neighbor (KNN) Berbasis Android;Artificial Intelligence;2;1
1725;Implementasi Content Based Filtering Pada Aplikasi Balai Jasa Konstruksi Makassar;Artificial Intelligence;2;1
1726;Analisis Kualitas Layanan Landside Pada Bandar Udara Sultan Hasanuddin Makassar Menggunakan Metode Service Quality;Intelligent System and Control/IoT;2;1
1727;Analisis Sentimen Ulasan Pada Aplikasi Pinjaman Online Menggunakan Model Super Vector Machine (SVM);Artificial Intelligence;2;1
1728;Rekomendasi Calon Pembimbing Tugas Akhir Berdasarkan Kesamaan Topik Penelitian Dengan Metode Cosine Distance;Artificial Intelligence;2;1
1729;Implementasi Web-Service Pada ATP (Alur Tujuan Pembelajaran) Dengan Perekaman Data Wajah Menggunakan Metode Haar Cascade;Artificial Intelligence;2;1
1730;Pengenalan Pola Keaslian Tanda Tangan Menggunakan Metode Principal Component Analysis;Artificial Intelligence;2;1
1731;Analisis Sentimen Ulasan Aplikasi Cek Bansos Pada Play Store Menggunakan Algoritma Naïve Bayes Classifier;Artificial Intelligence;2;1
1732;Implementasi Metode AHP Dan TOPSIS Untuk Menentukan Kelayakan Penerima Bantuan Langsung Tunai (BLT) Berbasis Website;Artificial Intelligence;2;1
1733;Analisis Brand Saka Dalam Melihat Tingkat Kepuasan Pelanggan Pada Market Place Shopee Menggunakan Metode IPA;E-Commerce;2;1
1734;Analisis Efektivitas Penggunaan Text-To-Image Generator Dalam Pembuatan Media Pembelajaran Anak-Anak;Artificial Intelligence;2;1
1735;Penerapan Algoritma Naïve Bayes Dalam Memprediksi Peminatan Paket Haji Dan Umroh Pada PT. Astri Duta Mandiri (ADAM Indonesia) Makassar;Artificial Intelligence;2;1
1736;Analisis Keaslian Bukti Digital Pada Rekaman CCTV Melalui Simulasi Berbasis Generic Computer Forensics Investigation Model;Digital Forensic;2;1
1737;Implementasi UI/UX Website SMP Negeri 1 Makale Dengan Metode Design Thinking;Sistem Terdistribusi (Web Service);2;1
1738;Analisis Forecasting Harga Emas (XAUUD) Menggunakan Metode Relative Strength Index Pada Metatrader4;Artificial Intelligence;2;1
1739;Perancangan Dan Evaluasi Antarmuka Website E-Library SMK Negeri 1 Tana Toraja Dengan Metode User Centered Design (UCD);Sistem Terdistribusi (Web Service);2;1
1740;Implementasi Algoritma You Only Live Once (YOLO) Dan Convolution Neural Network (CNN) Pada Deteksi Alat Pelindung Diri;Artificial Intelligence;2;1
1741;Klasifikasi Makanan Tradisional Khas Daerah Di Sulawesi Menggunakan Metode Convolution Neural Network (CNN);Artificial Intelligence;2;1
1742;Perbandingan Metode Naïve Bayes Dan SVM Dalam Menganalisis Sentimen Komentar Video Youtube Gagasan Capres 2024;Artificial Intelligence;2;1
1743;Prototype Monitoring Berat Muatan Truk Berbasis IoT Menggunakan Sensor Load Cell Dan Visualisasi Di Website;Intelligent System and Control/IoT;2;1
1744;Perancangan Aplikasi Food Waste Berbasis Android Untuk Mengurangi Food Waste Dengan Menggunakan Metode Design Thinking;Artificial Intelligence;2;1
1745;Implementasi Metode Buffer Stock Pada Sistem Manajemen Persediaan Barang Dagang Di Toko Arinda Collection Berbasis Website;Sistem Terdistribusi (Web Service);2;1
1746;Penerapan Quality Defect Detection Untuk Prediksi Tingkat Kesegaran Buah-Buahan Menggunakan YOLOv5 Dan PyTorch;Artificial Intelligence;2;1
1747;Desain Prototype Dan Klasifikasi Jenis Sampah Anorganik Rumah Tangga Menggunakan Model CNN;Artificial Intelligence;2;1
1748;Implementasi Metode Local Binary Pattern Histograms Pada Aplikasi Face Recognition Member IAM Store Makassar;Artificial Intelligence;2;1
1749;Pengembangan User Interface Dan User Experience Website Polres Barru Menggunakan Design Thinking;Sistem Terdistribusi (Web Service);2;1
1750;Klasifikasi Citra Daun Tanaman Herbal Menggunakan Metode K-Means;Artificial Intelligence;2;1
1751;Implementasi Algoritma Knuth-Morris-Pratt Pada Aplikasi Responsi Project Konsentrasi Untuk Mendeteksi Kesamaan Judul Project Aplikasi;Artificial Intelligence;2;1
1752;Perancangan Sistem Informasi Jasa Tukang Untuk Efisiensi Dan Keterjangkauan Masyarakat Di Daerah Makassar;Sistem Terdistribusi (Web Service);2;1
1753;Desain Antarmuka Aplikasi Talent Pooling Versi Mobile Pada PT.Alani Inovasi Bangsa Menggunakan Metode Design Thinking;Sistem Terdistribusi (Web Service);2;1
1754;Analisis Dan Visualisasi Data Pola Pendaftaran Pada Sikolakarate Menggunakan Metode Apriori;Data Mining;1;1
1755;Penerapan Data Mining Untuk Prediksi Penyakit Demam Berdarah Menggunakan Algoritma Decision Tree C45 Di Puskesmas Tamalanrea;Data Mining;1;1
1756;Penggunaan Aplikasi Discord Sebagai Media Pembelajaran Alternatif Di Universitas Dipa Makassar;Sistem Terdistribusi (Web Service);1;1
1757;Analisis Tingkat Kepuasan Pengguna Pada Aplikasi RRI Digital Dengan Metode Klasifikasi Decision Tree;Data Mining;1;1
1758;Prediksi Potensi Penjualan Produk Kopi Menggunakan Metode Naive Bayes Pada PT Toarco Jaya Makassar;Data Mining;1;1
1759;Analisis Faktor Yang Mempengaruhi Keuntungan Penjualan Barang ATK Menggunakan Metode Decision Tree Pada PT Mitra Bisnis Terpercaya;Data Mining;1;1
1760;Analisis Dampak Program MSIB Pada Kemampuan Hardskill Dan Softskill Mahasiswa Universitas Dipa Makassar Pendekatan Servqual;Data Analyst;1;1
1761;Perancangan Aplikasi Pencatatan Stok Dan Penjualan Pada Konter AJ Cell Berbasis Web;E-Commerce;1;1
1762;Perancangan Aplikasi Penjualan Berbasis Website Pada Toko Sidrap Jaya;E-Commerce;1;1
1763;Penerapan Metode Apriori Untuk Analisis Pola Pembelian Pelanggan Pada Produk Kecantikan;Data Mining;1;1
1764;Perancangan Prototype UI/UX Aplikasi Pemesanan Makanan Pada Lazuna Berbasis Web Menggunakan Metode Design Thinking;E-Commerce;1;1
1765;Perancangan Prototype UI/UX Aplikasi Sistem Informasi Manajemen Pada Toko Berbasis Mobile;E-Bisnis;1;1
1766;Analisis Efektifitas E-Commerce Menggunakan Metode Webqual Dan Servqual;E-Commerce;1;1
1767;Perancangan Sistem Pendukung Keputusan Seleksi Kenaikan Sabuk Dengan Metode SAW Dan Weight Scoring Sistem Pada Dipanegara Karate Club;Sistem Pendukung Keputusan;1;1
1768;Analisis Tingkat Kepuasan Mahasiswa Terhadap Pelayanan Aplikasi KKL UNDIPA Makassar;Data Analyst;1;1
1769;Analisis Kepuasan Mahasiswa Terhadap Fasilitas Laboratorium Komputer Di Universitas Dipa Makassar Dengan Menggunakan Metode IPA;Data Analyst;1;1
1770;Analisis Dan Evaluasi UI/UX Aplikasi Kopi Chuseyo (K.CHU) Menggunakan Metode User Centered Design (UCD);E-Commerce;1;1
1771;Perancangan Sistem Informasi Pemesanan Tiket Bus Bintang Marwah Berbasis Android;Sistem Terdistribusi (Web Service);1;1
1772;Penerapan Algoritma Convolutional Neural Network Dan Mobilenet Single Shot Detector Untuk Deteksi Dini Api Dan Asap Berpotensi Kebakaran Pada Citra Hutan;Data Mining;1;1
1773;Analisis Efektivitas Pendidikan Menggunakan Metode Naive Bayes Melalui Data Tracer Study Universitas Dipa Makassar;Data Mining;1;1
1774;Penerapan Metode Customer Satisfaction Index (CSI) Dalam Menganalisis Kinerja Pegawai Dalam Pelayanan Masyarakat Di Kelurahan Manggau;Data Analyst;1;1
1775;Pengembangan Sistem Reservasi Berbasis Website Pada Rumah Makan Ali Murah Dengan Penerapan Metode Agile;Sistem Terdistribusi (Web Service);1;1
1776;Evaluasi Penggunaan Sistem CRM (Customer Relationship Management) Dalam Meningkatkan Kepuasan Pelanggan Studi Kasus Pada Perusahaan Pialang;Data Analyst;1;1
1777;Analisis Penggunaan Media Sosial Dalam Pemasaran Destinasi Pariwisata Pada Kabupaten Bulukumba Menggunakan Metode Non Probability Sampling;Data Analyst;1;1
1778;Optimisasi Analisis Asosiasi Penjualan Kopi Arabika Dan Robusta Kajian Algoritma Apriori FP Growth Dan Eclat;Data Mining;1;1
1779;Sistem Deteksi Kecanduan Game Online Pada Mahasiswa UNDIPA Menggunakan Pendekatan Data Mining Berbasis Fuzzy Logic;Data Mining;1;1
1780;Optimalisasi Proses Absensi Karyawan Dengan Menggabungkan Finger Print Dan Visualisasi Data;Data Analyst;1;1
1781;Implementasi Aplikasi Text To Speech Pengenalan Jenis Tanaman Pada Arboretum Sahabat Anak Sebagai Media Edukasi Berbasis Android;Sistem Terdistribusi (Web Service);1;1
1782;Sistem Penentuan Harga Sewa Dinamis Dengan Metode Cost Plus Pricing Pada Penyewaan Mobil Dan Motor Berbasis Mobile;Sistem Pendukung Keputusan;1;1
1783;Analisis Penerapan Naive Bayes Dan Decision Tree Untuk Memprediksi Resiko Kredit Pada Koperasi Simpan Pinjam Berbasis Web;Data Mining;1;1
1784;Perancangan Aplikasi Desa Wisata Toraja Berbasis Android (Flutter) Menggunakan Metode Prototype;Sistem Terdistribusi (Web Service);1;1
1785;Analisis User Experience Pada Aplikasi Transportasi Online Menggunakan Metode Google Analytic Dan Heuristic Evaluation;Data Analyst;1;1
1786;Analisis Dan Perancangan Sistem Pendukung Keputusan Pemilihan Kelompok Tani Teladan Menggunakan Algoritma SAW Dan ARAS;Sistem Pendukung Keputusan;1;1
1787;Analisis Pola Belanja Mahasiswa Pada Aplikasi E-Commerce Menggunakan Model K-NN Dan Decision Tree;Data Mining;1;1
1788;Analisis Perbandingan Tingkat Pelayanan Sistem Reservasi Hotel Menggunakan Metode Servqual Dan Fuzzy;Data Analyst;1;1
1789;Perancangan Aplikasi Sistem Pendukung Keputusan Penerima Beasiswa Mahasiswa UNDIPA Dengan Metode SAW;Sistem Pendukung Keputusan;1;1
1790;Analisis Tingkat Kepuasan Pelanggan Menggunakan Fuzzy Mamdani Pada R.M Ulu Juku;Data Analyst;1;1
1791;Perancangan Antarmuka Pengguna Aplikasi Mobile Pada Bisnis Wilona Fashion;E-Bisnis;1;1
1792;Sistem Informasi Pelayanan Pernikahan Berbasis Web Pada Kantor Urusan Agama Tamalanrea;Sistem Terdistribusi (Web Service);1;1
1793;Sistem Pendukung Keputusan Perekrutan Kelompok Penyelenggara Pemungutan Suara (KPPS) Menggunakan Metode TOPSIS;Sistem Pendukung Keputusan;1;1
1794;Desain Antarmuka Aplikasi Talent Pooling Versi Mobile Pada PT Alani Inovasi Bangsa Menggunakan Metode Design Thinking;E-Bisnis;1;1
1795;Analisis Segmentasi Pelanggan Pada Toko Retail Studi Kasus CVRL Store Menggunakan Algoritma K-Means;Data Mining;1;1
1796;Redesain UI Sistem Informasi Akademik Universitas Dipa Makassar Untuk Meningkatkan User Experience Pengguna Dengan Metode Lean UX;Sistem Terdistribusi (Web Service);1;1
1797;Implementasi Platform Digital Berbasis Web Untuk Meningkatkan Proses Manajemen Controlling Di PX_Barbershop Menggunakan Metode UCD;E-Bisnis;1;1
1798;Implementasi Metode AHP Guna Mendukung Keputusan Penerimaan Beasiswa Di SMAN 16 Makassar Dengan Bantuan Aplikasi Expert Choice;Sistem Pendukung Keputusan;1;1
1799;Implementasi Data Mining Dan Metode Regresi Linear Berganda Untuk Estimasi Pertumbuhan Penduduk Di Kabupaten Bulukumba;Data Mining;1;1
1800;Prediksi Predikat Kelulusan Siswa SMPN 9 Makassar Menggunakan Metode Naive Bayes;Data Mining;1;1
1801;Analisis Pengaruh Caption Dan Text Pada Konten Promosi Terhadap Interaksi Penonton Instagram;Data Analyst;1;1
1802;Analisis Efektifitas Promosi Mahasiswa Baru Universitas Dipa Makassar Melalui Instagram Menggunakan Metode K-Means;Data Mining;1;1
1803;Perancangan Aplikasi Artificial Intelligence Penerjemah Bahasa Isyarat Indonesia Menggunakan Model 3D Convolutional Neural Network;Data Mining;1;1
1804;Analisis Efisiensi Penggunaan Sistem Informasi Terhadap Layanan Jasa Titip;Data Analyst;1;1
1805;Analisis Penyebab Ketidaksesuaian Pesanan Barang Di Marketplace Shopee Menggunakan Metode Regresi;Data Mining;1;1
1806;Analisis User Interface Design Pada Aplikasi Shopee Menggunakan Metode Usability Testing;E-Commerce;1;1
1807;Analisis Potensi Peminjaman Online Oleh Mahasiswa Universitas Dipa Makassar Menggunakan Algoritma Decision Tree;Data Mining;1;1
1808;Implementasi Metode ANOVA Pada Kualitas Layanan Dosen Dan Fasilitas Perkuliahan Terhadap Kepuasan Mahasiswa Di Universitas Dipa Makassar;Data Analyst;1;1
1809;Sistem Pendukung Keputusan Pemilihan Jenis Skincare Berdasarkan Jenis Kulit Wajah Menggunakan Metode Algoritma Genetika;Sistem Pendukung Keputusan;1;1
1810;Sistem Prediksi Keuntungan Penjualan Menggunakan Metode Monte Carlo (Studi Kasus: Exclusive Thrift Store Makassar);Data Mining;1;1
1811;Analisis Kualitas Layanan YAYY Shop Kosmetik Menggunakan Metode Servqual Dan Importance Performance;Data Analyst;1;1
1812;Analisis Sentimen Terhadap Pandangan Judi Online Melalui Twitter Menerapkan Indonesia Roberta Base Sentimen Classifier;Data Mining;1;1
1813;Sistem Rekomendasi Dan Reservasi Kamar Homestay Intan Menggunakan Metode SMARTER Di Malino;Sistem Terdistribusi (Web Service);5;1
1814;Implementasi Metode SMART Pada Sistem Rekomendasi Pemilihan Aplikasi Pembelajaran Online (Studi Kasus: UNDIPA);Artificial Intelligence;5;1
1815;Penerapan Algoritma Genetika Untuk Pengembangan Dan Optimalisasi Manajemen Aplikasi E-Perpus (Studi Kasus: Perpustakaan UNHAS);Artificial Intelligence;5;1
1816;Perancangan Aplikasi Pemilihan Kepala Desa Gasing Tanah Toraja Berbasis Web;Sistem Terdistribusi (Web Service);5;1
1817;"Penerapan Metode Hybrid Recommender System Untuk Memberikan Rekomendasi Film Pada Aplikasi Streaming ""Zuna Movie""";Artificial Intelligence;5;1
1818;Sistem Cerdas Rekomendasi Materi Untuk Reading Basic Pembelajaran Bahasa Inggris Di Universitas Dipa Berbasis Web;Data Mining;1;1
1819;Analisis Prediksi Keberhasilan Mahasiswa Dalam Matakuliah Aplikasi Konsentrasi Menggunakan Algoritma Naive Bayes Di Kampus UNDIPA;Data Mining;1;1
1820;Analisis Efektifitas Teknik Digital Marketing Pada Platform Media Sosial TikTok Universitas Dipa Makassar Dengan Metode Regresi;Data Analyst;1;1
1821;Implementasi Metode Usability Testing Terhadap Analisis Perbandingan Tingkat Kepuasan Pelanggan Pada Aplikasi JWA+ Dan Kopi Kenangan;E-Commerce;1;1
1822;Analisis Segmentasi Audiens Berdasarkan Preferensi Konten TikTok Dalam Konteks Perilaku Berbelanja Online Menggunakan Algoritma K-Means;Data Mining;1;1
1823;Implementasi Algoritma Hash Pada Aplikasi Mobile Voting Pemilihan Raya Universitas Dipa Makassar Berbasis Android;Keamanan Komputer dan Informasi;1;1
1824;Implementasi Algoritma Apriori Dalam Menentukan Pola Pembelian Konsumen Pada Toko Top Mode;Data Mining;1;1
1825;Analisis Klasifikasi Data Transaksi Penjualan Pada Rumah Makan Gayatri Menggunakan Decision Tree;Data Mining;1;1
1826;Analisis Sentimen Pengguna TikTok Terhadap Proyek S China Menggunakan Metode Support Vector Machine (SVM);Data Mining;1;1
1827;Implementasi Algoritma K-Means Untuk Mengklasifikasi Tingkat Kecanduan Game Online Pada Mahasiswa UNDIPA Makassar Berbasis Web;Data Mining;1;1
1828;Analisis Pengaruh Customer Terhadap Omset A Travel Indonesia Menggunakan Algoritma Naive Bayes;Data Mining;1;1
1829;Analisis Konten Media Sosial Instagram Terhadap Sejumlah Universitas Di Kota Makassar;Data Analyst;1;1
1830;Prediksi Distribusi Barang Menggunakan Metode Regresi Linier Untuk Mengendalikan Persediaan Barang PT Fajar Lestari Makassar;Data Mining;1;1
1831;Perancangan Aplikasi Tabungan Dan Pendistribusian Hewan Qurban Berbasis Web;Sistem Terdistribusi (Web Service);1;1
1832;Aplikasi Pelaporan Aktivitas Satpam (Security) Dengan Proses Validasi Lokasi Menggunakan QR Code Pada PT. Solid Gold Berjangka;Sistem Terdistribusi (Web Service);1;1
1833;Implementasi Algoritma Collaborative Filtering Pada Sistem Rekomendasi Pencarian Indekos Berbasis Web Di Kecamatan Tamalanrea;Data Mining;1;1
1834;Analisis Kepuasan Masyarakat Terhadap Pelayanan Kesehatan Di Rumah Sakit Bahagia Dengan Menggunakan Algoritma Data Mining C4.5;Data Mining;1;1
1835;Analisis Pengaruh Lokasi Peternakan Hewan Terhadap Tingkat Kesehatan Hewan Menggunakan Metode Gaussian Mixture Models (GMM);Data Mining;1;1
1836;Implementasi Algoritma Rabin-Karp Pada Kecocokan String Pengajuan Judul Skripsi Universitas Dipa Makassar;Data Mining;1;1
1837;Sistem Pendukung Keputusan Penentuan Bantuan Langsung Tunai Desa Banrimanurung Menggunakan Metode AHP Dan SAW;Sistem Pendukung Keputusan;1;1
1838;Implementasi Platform Percetakan Digital Printing Berbasis Web Untuk Meningkatkan Aksebilitas Dan Pelayanan Terhadap Customer;Sistem Terdistribusi (Web Service);1;1
1839;Implementasi Metode Additive Ratio Assessment (ARAS) Untuk Pemilihan Konten YouTube Layak Tonton Untuk Anak-Anak;Sistem Pendukung Keputusan;1;1
1840;Analisis Kepuasan Pelanggan Terhadap Layanan Toko Pipi Menggunakan Metode Customer Satisfaction Index;Data Analyst;1;1
1841;Penerapan Metode Design Thinking Pada Perancangan UI/UX Aplikasi Pencari Kost Di Kota Makassar;E-Commerce;1;1
1842;Analisis Sentimen Dosen Terhadap Dampak Penggunaan Chat GPT Pada Mahasiswa Menggunakan Metode Naive Bayes;Data Mining;1;1
1843;Perancangan Sistem Pendaftaran Kursus Musik Berbasis Web Pada Erwin Music School Dengan Menerapkan Metode Profile Matching;Sistem Pendukung Keputusan;1;1
1844;Implementasi Aplikasi E-Travel Pada Travel Hijrah Umroh Service;Sistem Terdistribusi (Web Service);1;1
1845;Perancangan Aplikasi Pendaftaran Pasien Pada Klinik Gigi Daeng Tisia Dengan Metode First Come First Served;Sistem Terdistribusi (Web Service);1;1
1846;Komparasi Metode Time Series Trend Moment Dan Time Series Moving Average Dalam Meramalkan Penjualan Handphone Pada PStore Makassar;Data Mining;1;1
1847;Sistem Informasi Rancangan Perencanaan Pembelajaran Untuk Guru PAUD Berbasis Web;Sistem Terdistribusi (Web Service);5;1
1848;Analisis Sentimen Warganet Terhadap Calon Presiden Pada Pemilihan Presiden Republik Indonesia 2024 Menggunakan Metode Naive Bayes;Data Mining;1;1
1849;Perancangan Aplikasi Inventory Toko Ashfah Techno Computer Dengan Implementasi CORS Dan JWT Pada API;Keamanan Komputer dan Informasi;2;1
1850;Implementasi Metode Single Exponential Smoothing Pada Aplikasi Sales Forecasting Di Apotik Noorsyam;Artificial Intelligence;2;1
1851;Perancangan Aplikasi Berbasis Web Dengan Algoritma K-Nearest Neighbors Untuk Prediksi Status Pertumbuhan Balita Pada Posyandu Kuncup Mekar;Artificial Intelligence;2;1
1852;Deteksi Dan Penghitungan Jumlah Kendaraan Motor Di Parkiran Kampus UNDIPA Menggunakan Algoritma YOLO;Artificial Intelligence;2;1
1853;Implementasi Metode Profile Matching Dalam Sistem Seleksi Satgas Pengelola Pariwisata Kabupaten Gowa Berbasis Web;Artificial Intelligence;2;1
1854;Analisis Keamanan Aplikasi Blockchain Menggunakan Metode Threat Modeling Pendekatan Praktis Untuk Identifikasi Ancaman;Keamanan Komputer dan Informasi;2;1
1855;Pengenalan Dan Pengujian Keaslian Motif Ukiran Toraja Menggunakan Rotated Wavelet Filter Dan Neural Network;Artificial Intelligence;2;1
1856;Pengembangan Aplikasi Manajemen Penilaian Siswa Berbasis Algoritma Weighted Sum Untuk Perhitungan Nilai Akhir;Artificial Intelligence;2;1
1857;Analisis Tingkat Kepuasan Konsumen Berdasarkan Pelayanan Harga Dan Kualitas Makanan Menggunakan Fuzzy Mamdani;Artificial Intelligence;2;1
1858;Implementasi Metode Collaborative Filtering Dalam Pengembangan Sistem Informasi Penjualan Boneka Berbasis Web Pada Toko My Boneka;Artificial Intelligence;2;1
1859;Perancangan Aplikasi Pelaporan Kerusakan Infrastruktur Kota Pinrang Dengan Pemetaan Lokasi Dan Integrasi API Pemerintah Daerah Berbasis Web;Sistem Terdistribusi (Web Service);2;1
1860;Implementasi Laravel RESTful Web Service Pada Aplikasi Absensi Siswa Di SMA Negeri 23 Makassar;Sistem Terdistribusi (Web Service);2;1
1861;Sistem Klasifikasi Kasus Kekerasan Anak Dan Perempuan Menggunakan Algoritma K-Means Berbasis Web;Artificial Intelligence;2;1
1862;Perancangan Sistem Pengaduan Masyarakat Berbasis Web Menggunakan Metode Support Vector Machine Pada Kelurahan Tello Baru;Artificial Intelligence;2;1
1863;Sistem Prediksi Waktu Produksi Spanduk Menggunakan Jaringan Saraf Tiruan Backpropagation Di Percetakan CV.Farhan Abadi;Artificial Intelligence;2;1
1864;Perancangan Aplikasi Penatalayanan Gereja Toraja Jemaat Kantun Roya Berbasis Web Dengan Algoritma K-Means Clustering;Artificial Intelligence;2;1
1865;Implementasi Metode Hierarchical Clustering Pada Analisis Pengaruh Kata Kata Motivasi Terhadap Semangat Belajar Mahasiswa;Artificial Intelligence;2;1
1866;Penerapan Algoritma Steepest-Ascent Hill Climbing Untuk Penjadwalan Guru Pada SMKN 2 Palopo Berbasis Web;Artificial Intelligence;2;1
1867;Klasifikasi Sentimen Negatif Terhadap Layanan MyIndiHome Menggunakan Metode Support Vector Machine;Artificial Intelligence;2;1
1868;Perancangan Aplikasi Manajemen Stok Bahan Pada Restoran Sushi Bizkid Menggunakan Metode Economic Order Quantity;Sistem Terdistribusi (Web Service);2;1
1869;Perancangan Fitur Rekomendasi Movie Streaming Dengan Metode User Based Collaborative Filtering;Artificial Intelligence;2;1
1870;Analisis Pengaruh Durasi Bermain Mobile Legends Dengan Metode Regresi Linier Berganda Terhadap Prestasi Akademik Mahasiswa Universitas Dipa Makassar;Artificial Intelligence;2;1
1871;Perancangan Aplikasi Dialog Tentang Kota Makassar Menggunakan Bahasa Makassar Berbasis Web;Sistem Terdistribusi (Web Service);2;1
1872;Implementasi Web Service Menggunakan Laravel Untuk Memilih Layanan Cloud Computing Terbaik Dengan Metode Simple Additive Weighting (SAW);Komputasi Awan;2;1
1873;Analisis Perbandingan Algoritma Winnowing Dan Levenshtein Pada Sistem Deteksi Plagiarisme Judul Dan Abstrak Skripsi;Artificial Intelligence;2;1
1874;Penggunaan Algoritma Support Vector Machines Untuk Klasifikasi Penyakit Pada Tanaman Padi Berbasis Internet Of Things;Intelligent System and Control/IoT;2;1
1875;Prototype Sistem Smart Locker Berbasis Internet Of Things (IoT);Intelligent System and Control/IoT;2;1
1876;Sistem Rekomendasi Pelatihan Tambahan Bagi Siswa Menggunakan Metode EDAS Di Lembaga Pendidikan Dan Pelatihan Kepelautan Atlantic Maritime Training Centre;Artificial Intelligence;2;1
1877;Implementasi Algoritma Content-Based Filtering Untuk Pencarian Riwayat Pemeriksaan Pasien Pada Klinik Orca Dental Studio Berbasis Web;Artificial Intelligence;2;1
1878;Analisis Kualitas Udara Di Asia Menggunakan Penerapan Algoritma K-Means Dan Support Vector Machine (SVM);Artificial Intelligence;2;1
1879;Perancangan Sistem Informasi Pengajuan Judul Skripsi Berbasis Web Pada Universitas Dipa Makassar Menggunakan Metode Knuth Morris Pratt;Sistem Terdistribusi (Web Service);2;1
1880;Klasifikasi Sentimen Negatif Pengunjung Pantai Losari Di Tripadvisor Menggunakan Metode Support Vector Machine Dan Naïve Bayes;Artificial Intelligence;2;1
1881;Implementasi Metode Image Tracking Pada Gambar Hewan Pada Anak Menggunakan Augmented Reality Berbasis Mobile;Artificial Intelligence;2;1
1882;Pembuatan Aplikasi Baca Komik (Manga) Bahasa Indonesia Berbasis Web;Sistem Terdistribusi (Web Service);2;1
1883;Penerapan Algoritma K-Means Untuk Mendapatkan Pola Penjualan Bahan Bangunan;Artificial Intelligence;2;1
1884;Perancangan Aplikasi Website Jasa Desain Dengan Menggunakan Metode Content-Based Filtering;Artificial Intelligence;2;1
1885;Implementasi Metode Saving Matrix Dalam Menentukan Jarak Dan Rute Pengantaran Roti Di Makassar;Artificial Intelligence;2;1
1886;Penerapan Metode Parabolic Trend Time Series (PTTS) Untuk Prediksi Penjualan Produk Susu Omela Berbasis Web Pada PT. Frisian Flag;Artificial Intelligence;2;1
1887;Implementasi Metode Markov Chain Untuk Memprediksi Laju Pertumbuhan Penyakit Menular Pada Puskesmas Malabo Kabupaten Mamasa;Artificial Intelligence;2;1
1888;Implementasi Chatbot Telegram Dan Webhook Untuk Manajemen Sparepart;Artificial Intelligence;2;1
1889;Penerapan Algoritma Random Forest Classifier Untuk Klasifikasi Pelanggaran Siswa SMP Negeri 1 Sanggalangi Berbasis Web;Artificial Intelligence;2;1
1890;Klasifikasi Sentimen Negatif Warganet Terhadap Keberadaan Juru Parkir Liar Menggunakan Metode Naive Bayes Classifier;Artificial Intelligence;2;1
1891;Implementasi Algoritma Decision Tree Dalam Pengembangan Game Visual Novel Berdasarkan Tradisi Uang Panai;Artificial Intelligence;2;1
1892;Perancangan Aplikasi Penjualan Media Tanam Berbasis Web Pada Toko Mel's Shop Menggunakan Metode K-Means;Artificial Intelligence;2;1
1893;Perancangan Aplikasi Pelaporan Kecelakaan Lalu Lintas Berbasis Web Terintegrasi Dengan Panggilan Darurat Di Kota Makassar;Sistem Terdistribusi (Web Service);2;1
1894;Penerapan Metode Operational Competitiveness Rating Analysis (OCRA) Untuk Menentukan Aplikasi E-Money Terbaik Menggunakan Pembobotan Rank Order Centroid (ROC);Artificial Intelligence;2;1
1895;Implementasi Algoritma Naïve Bayes Dalam Klasifikasi Jenis Buku Berdasarkan Frekuensi Peminjaman Di Perpustakaan Universitas Dipa Makassar;Artificial Intelligence;2;1
1896;Analisis Faktor-Faktor Yang Mempengaruhi Keputusan Pembelian Pada Game Mobile Legend Dengan Metode Support Vector Machine;Artificial Intelligence;2;1
1897;Penerapan Topic Modelling Dan Clustering Tren Topik Penelitian Skripsi Mahasiswa Universitas Dipa Makassar;Artificial Intelligence;2;1
1898;Analisis Dan Evaluasi Kinerja Guru Pada SMA Mahputra Menggunakan Metode Simple Multi Attribute Rating Technique (SMART);Artificial Intelligence;2;1
1899;Klasifikasi Tingkat Kepuasan Pelanggan Terhadap Kualitas Layanan Toko Sumber Tani Menggunakan Metode K-Nearest Neighbor;Artificial Intelligence;2;1
1900;Analisis Sentimen Wacana Pembangunan Stadion Baru Di Daerah Sudiang Dengan Metode Naïve Bayes;Artificial Intelligence;2;1
1901;Analisis Pengaruh Organisasi Terhadap Prestasi Akademik Mahasiswa Di Universitas Dipa Makassar Menggunakan Metode Granger Causality;Artificial Intelligence;2;1
1902;Analisis Faktor-Faktor Yang Berpengaruh Terhadap Minat Belanja Pemuda Pada Aplikasi Belanja Online Tiktokshop Menggunakan Metode K-Means;Artificial Intelligence;2;1
1903;Rancang Bangun Aplikasi Kursus Online Berbasis Web Dengan Metode Payment Gateway Menggunakan Framework Laravel;Sistem Terdistribusi (Web Service);2;1
1904;Analisis Sentimen Masyarakat Terhadap Keberadaan 'Pak Ogah' Di Kota Makassar Menggunakan Metode Naïve Bayes;Artificial Intelligence;2;1
1905;Penerapan Metode Human-Centered-Design (HCD) Dalam Pengembangan UI/UX Website SMKN 1 Pinrang;Sistem Terdistribusi (Web Service);2;1
1906;Sistem Rekomendasi Pencarian Bengkel Motor Berbasis Web Menggunakan Algoritma Collaborative Filtering Pada Kecamatan Dewantara;Artificial Intelligence;2;1
1907;"Aplikasi Web Konsultasi Hukum Pada Kantor Law Firm ""Muriadi Muchtar & Partners"" Menggunakan Metode K-Means Clustering";Artificial Intelligence;2;1
1908;Perancangan Website Reservasi Online Terhadap Efisiensi Waktu Layanan Di Babana Carwash 77 Menggunakan Metode Round Robin;Sistem Terdistribusi (Web Service);2;1
1909;Perancangan Sistem Otomatisasi Seleksi Asisten Dosen Dengan Metode Profile Matching Berbasis Web;Artificial Intelligence;2;1
1910;Penerjemah Bahasa Isyarat Dalam Huruf Hijayah Dengan Menggunakan Mediapipe Dan Teachable Machine;Artificial Intelligence;2;1
1911;Implementasi Algoritma Random Forest Dalam Analisis Opini Mahasiswa Terhadap Layanan Akademik Universitas Dipa Makassar;Artificial Intelligence;2;1
1912;Klasifikasi Sentimen Negatif Pelayanan Beacukai Pada Twitter Menggunakan Metode Naive Bayes;Artificial Intelligence;2;1
1913;Perancangan Model Pembelajaran Komputer Di Lembaga Kursus Dan Pelatihan Media Training Center Kabupaten Enrekang;Sistem Terdistribusi (Web Service);2;1
1914;Penerapan Metode Regresi Linear Berganda Untuk Memprediksi Jumlah Persediaan Mobil Di PT Kumala Motor Sejahtera;Artificial Intelligence;2;1
1915;Penerapan Algoritma Local Binary Pattern Histogram (LBPH) Pada Pengenalan Pengunjung Di Universitas Dipa Makassar;Artificial Intelligence;2;1
1916;Aplikasi Deteksi Wajah Pada Absensi Madrasah Masjid Nurul Askar Menggunakan Algoritma Tensorflow;Artificial Intelligence;2;1
1917;Perancangan Aplikasi Sistem Diagnosa Penyakit Vertigo Dengan Metode Naive Bayes Berbasis Web;Artificial Intelligence;2;1
1918;Penggunaan Teknologi Blockchain Untuk Manajemen Inventaris Pada Bisnis Skala Kecil Dan Menengah;Keamanan Komputer dan Informasi;2;1
1919;Optimasi Waktu Permainan Rubik Menggunakan Algoritma Kociemba;Artificial Intelligence;2;1
1920;Implementasi Algoritma Greedy Untuk Optimalisasi Pengelolaan Kamar Asrama Himpunan Pelajar Mahasiswa Massenrempulu Berbasis Web;Artificial Intelligence;2;1
1921;Analysis Pola Trend Game Honkai Star Rail Dan Opini Pemain Di Media Sosial;Artificial Intelligence;2;1
1922;Implementasi Deep Learning Menggunakan Metode CCC Dengan Arsitektur VGG-16 Untuk Menentukan Tingkat Kematangan Pada Buah Langsat;Artificial Intelligence;2;1
1923;Perancangan Aplikasi E-Learning Menggunakan Teknologi Google Cloud Di SMA Tutu Wuri Handayani Makassar;Cloud Computing;5;1
1924;Aplikasi Untuk Merekomendasikan Voucher Kuota Yang Dibutuhkan Pelanggan Menggunakan Metode Collaborative Filtering Pada Toko Mulya Cell;Artificial Intelligence;5;1
1925;Aplikasi Rekomendasi Bahan Pelajaran Berdasarkan Prestasi Akademik Siswa Menggunakan Algoritma Collaborative Filtering Berbasis Web;Artificial Intelligence;5;1
1926;Aplikasi Pencarian Oleh-Oleh Khas Sulawesi Selatan Menggunakan Metode String Matching Berbasis Web Di Kota Makassar;Sistem Terdistribusi (Web Service);5;1
1927;Sistem Informasi Manajemen Distribusi Penjualan Telur Pada UD. Bogarasa Berbasis Web Menggunakan Algoritma First In First Out (FIFO);Sistem Terdistribusi (Web Service);5;1
1928;Rancang Sistem Informasi Persediaan Benih Ikan Menggunakan Metode FIFO Pada Balai Pembenihan Dan Pengembangan Budidaya Ikan Air Tawar (BPPBIAT) Ompo Kabupaten Soppeng;Sistem Terdistribusi (Web Service);5;1
1929;Sistem Informasi Manajemen Pengukuran Kinerja Pada Sub Bagian Program Diskominfosandi Kabupaten Pinrang Berbasis Web;Sistem Terdistribusi (Web Service);5;1
1930;Rancang Bangun Aplikasi Absensi Kegiatan Magang Berbasis Lokasi Pada Dinas Pendidikan Provinsi Sulawesi Selatan;Sistem Terdistribusi (Web Service);3;1
1931;Perancangan Aplikasi Reservasi Frame Self Studio Menggunakan Integrasi Payment Gateway Berbasis Android;Sistem Terdistribusi (Web Service);3;1
1932;Perancangan Aplikasi Perpustakaan Berbasis Web Pada SMAN 20 Pangkep;Sistem Terdistribusi (Web Service);3;1
1933;Perancangan Sistem Informasi Pemesanan Catering Berbasis Web Pada Agung Catering;E-Commerce;3;1
1934;Perancangan Sistem Informasi Penjualan Barang Pada Toko Syifa Cosmetics;E-Commerce;3;1
1935;Redesign UI/UX Pada Website Senjani Agro Menggunakan Metode Design Thinking;UI/UX Desain;3;1
1936;Perancangan Sistem Informasi Media Promosi Jasa Berbasis Web Pada CV. Trika Media Solusindo;Sistem Terdistribusi (Web Service);3;1
1937;Perancangan Sistem Informasi Donasi Pada Panti Asuhan Nurul Akbar Berbasis Web;Sistem Terdistribusi (Web Service);3;1
1938;Sistem Informasi Laundry Berbasis Web Pada Rumah Laundry Di Perumahan Gubernur Graha Praja Indah;Sistem Terdistribusi (Web Service);3;1
1939;Pembuatan Sistem Pemesanan Rental Mobil Pada Cham Car Berbasis Web;E-Commerce;3;1
1940;APLIKASI INVENTARIS BARANG MENGGUNAKAN METODE FIRST IN FIRST OUT (FIFO) BERBASIS WEB PADA SEKRETARIAT UKM DIMENSI;Optimasi Database;3;1
1941;PERANCANGAN APLIKASI PENJUALAN MINUMAN BERBASIS WEB PADA TOKO JUS SEHAT;E-Commerce;3;1
1942;PERANCANGAN APLIKASI SISTEM PELAYANAN TERPADU SATU PINTU DAN MELAYANI SATS-DN;Sistem Terdistribusi (Web Service);3;1
1943;PERANCANGAN SISTEM INFORMASI CAFE TEPIAN BERBASIS WEB;E-Commerce;3;1
1944;SISTEM INFORMASI KEANGGOTAAN TAEKWONDO TORAJA UTARA;Optimasi Database;3;1
1945;PERANCANGAN APLIKASI PEMASARAN JASA SABLON BAJU BERBASIS WEB PADA EIGVILLS STORE;E-Commerce;3;1
1946;PERANCANGAN APLIKASI PENJUALAN BERBASIS WEB PADA TOKO MIKAYLA KIDSSWEAR;E-Commerce;3;1
1947;PERANCANGAN APLIKASI INFORMASI KEGIATAN KEMAHASISWAAN BERBASIS MOBILE DI UNIVERSITAS DIPA MAKASSAR;UI/UX Desain;3;1
1948;IMPLEMENTASI ALGORITMA RANDOM FOREST UNTUK KLASIFIKASI PENYAKIT AUTISME PDA ANAK USIA DINI;Data Mining;3;1
1949;APLIKASI PENJADWALAN IMUNISASI ANAK DAN BAYI BERBASIS WEB PADA POSYANDU MATAHARI;Sistem Terdistribusi (Web Service);3;1
1950;PERANCANGAN SISTEM POINT OF SALE (POS) DENGAN PENDEKATAN SCORING SYSTEM BERBASIS WEB PADA KOPI NGUMPUL MAKASSAR;E-Commerce;3;1
1951;PERANCANGAN APLIKASI MANAJEMEN ASET ORGANISASI SISWA BERBASIS WEB PADA SMA NEGERI 7 MAKASSAR MENGGUNAKAN METODE LAST IN FIRST OUT (LIFO);Optimasi Database;3;1
1952;SISTEM INFORMASI KEDAI KOPI BERBASIS WEB DENGAN INTEGRASI API MIDTRANS PAYMENT GATEWAY PADA KEDAI KOPI WAKTU LUANG;E-Commerce;3;1
1953;PERANCANGAN APLIKASI WARUNG MAKAN DAN CATERING CELEBES A7 BERBASIS WEB;E-Commerce;3;1
1954;APLIKASI INVENTARIS BARANG MENGGUNAKAN METODE FIRST IN FIRST OUT (FIFO) BERBASIS WEB PADA SEKRETARIAT UKM DIMENSI;Optimasi Database;3;1
1955;PERANCANGAN APLIKASI PENJUALAN MINUMAN BERBASIS WEB PADA TOKO JUS SEHAT;E-Commerce;3;1
1956;PERANCANGAN APLIKASI SISTEM PELAYANAN TERPADU SATU PINTU DAN MELAYANI SATS-DN;Sistem Terdistribusi (Web Service);3;1
1957;PERANCANGAN SISTEM INFORMASI CAFE TEPIAN BERBASIS WEB;E-Commerce;3;1
1958;SISTEM INFORMASI KEANGGOTAAN TAEKWONDO TORAJA UTARA;Optimasi Database;3;1
1959;PERANCANGAN APLIKASI PEMASARAN JASA SABLON BAJU BERBASIS WEB PADA EIGVILLS STORE;E-Commerce;3;1
1960;PERANCANGAN APLIKASI PENJUALAN BERBASIS WEB PADA TOKO MIKAYLA KIDSSWEAR;E-Commerce;3;1
1961;PERANCANGAN APLIKASI INFORMASI KEGIATAN KEMAHASISWAAN BERBASIS MOBILE DI UNIVERSITAS DIPA MAKASSAR;UI/UX Desain;3;1
1962;IMPLEMENTASI ALGORITMA RANDOM FOREST UNTUK KLASIFIKASI PENYAKIT AUTISME PDA ANAK USIA DINI;Data Mining;3;1
1963;APLIKASI PENJADWALAN IMUNISASI ANAK DAN BAYI BERBASIS WEB PADA POSYANDU MATAHARI;Sistem Terdistribusi (Web Service);3;1
1964;PERANCANGAN SISTEM POINT OF SALE (POS) DENGAN PENDEKATAN SCORING SYSTEM BERBASIS WEB PADA KOPI NGUMPUL MAKASSAR;E-Commerce;3;1
1965;PERANCANGAN APLIKASI MANAJEMEN ASET ORGANISASI SISWA BERBASIS WEB PADA SMA NEGERI 7 MAKASSAR MENGGUNAKAN METODE LAST IN FIRST OUT (LIFO);Optimasi Database;3;1
1966;SISTEM INFORMASI KEDAI KOPI BERBASIS WEB DENGAN INTEGRASI API MIDTRANS PAYMENT GATEWAY PADA KEDAI KOPI WAKTU LUANG;E-Commerce;3;1
1967;PERANCANGAN APLIKASI WARUNG MAKAN DAN CATERING CELEBES A7 BERBASIS WEB;E-Commerce;3;1
1968;ANALISIS KESEHATAN MENTAL GEN Z MELALUI EKSPLORASI INSTAGRAM MENGGUNAKAN METODE CONVOLUTION NEURAL NETWORK (CNN);Artificial Intelligence;2;1
1969;ANALISI PERBANDINGAN METODE CONVOLUTIONAL NEURAL NETWORK (CNN) DAN ARTIFICIA NEURAL NETWORK (ANN) DALAM KLASIFIKASI PENYAKIT DAUN JAGUNG;Artificial Intelligence;2;1
1970;ANALISIS PERBANDINGAN METODE CONVOLUTIONAL NEURAL NETWORK (CNN) DAN MOBILENET DALAM KLASIFIKASI PENYAKIT DAUN PADI;Artificial Intelligence;2;1
1971;PERANCANGAN GAME EDUKASI DALAM MENINGKATKAN POPULARITAS LAGU DAERAH MENGGUNAKAN MULTIMEDIA DEVELOPMENT LIFE CYCLE;Artificial Intelligence;2;1
1972;DETEKSI PENYAKIT RUMPUT LAUT DENGAN RESIDUAL NEURAL NETWORK (RESNET);Artificial Intelligence;2;1
1973;"ANALISIS TRANSAKSI PENJUALAN DENGAN ALGORITMA EQUIVALENCE CLASS TRANSFORMATION (ECLAT) UNTUK OPTIMASI PERSEDIAAN ; STUDI KASUS MINI MARKER BAKUBEKU";Intelligent System and Control/IoT;2;1
1974;PERANCANGAN SISTEM MANAJEMEN KAMAR SARAMA PAPUA BERBASIS WEB MENGGUNAKAN ALGORITMA BINARY SEARCH;Sistem Terdistribusi (Web Service);2;1
1975;PERANCANGAN APLIKASI PENJUALAN PRODUK UMKM BERBASIS MOBILE MENGGUNAKAN ALGORITMA COLLABORATIVE FILTERING DI DESA GARING;Artificial Intelligence;2;1
1976;SISTEM PRESENSI DENGAN FACE RECOGNITION UNTUK MANAJEMEN KEHADIRAN KARYAWAN MENGGUNAKAN FAMEWORK FLUTTER DAN LARAVEL;Artificial Intelligence;2;1
1977;STRATEGI OPTIMALISAI CONTENT MEDIA SOSIAL BERBASIS DATA UNTUK MENINGKATKAN ENGAGEMENT DI INSTAGRAM : STUDI KASUS PT. MAKASSAR MEGA PRIMA;Intelligent System and Control/IoT;2;1
1978;IMPLEMENTASI SISTEM ABSENSI SISWA BERBASIS WEB MENGGUNAKAN TEKNOLOGI BIOMETRIK SIDIK JARI PADA WEMOS D1 R32;Intelligent System and Control/IoT;2;1
1979;ANALISIS TINGKAT KEPUASAN PELAYANAN DI GMM JEMAAT MARANATHA MAKASSAR DENGAN METODE IMPORTANCE PERFORMANCE ANALYSIS (IPA);Intelligent System and Control/IoT;2;1
1980;IMPLEMENTASI ALGORITMA SUPPORT VECTOR MACHINE UNTUK OPTIMASI WAKTU PENYIMPANAN TOMAT;Artificial Intelligence;2;1
1981;ANALISIS KEPUASAN PENYALURAN BANTUAN PENDIDIKAN KARTU INDONESIA PINTAR (KIP) MENGGUNAKAN METODE DECISION TREE;Artificial Intelligence;2;1
1982;KLASIFIKASI KEPUASAN PASIEN TERHADAP PELAYANAN BPJJS DI RAMAH SAKIT DENGAN ALGORITMA C 4.5 (STUDI KASUS RSUD LABUANG BAJI SULSEL);Artificial Intelligence;2;1
1983;RANCANG BANGUN MODEL KERANGAN OTOMATIS DISTRIBUSI AIR DAN SABUN MENGGUNAKAN SENSOR INFRARED DAN ULTRASONIC;Intelligent System and Control/IoT;2;1
1984;PERANCANGAN APLIKASI WATERMARKING KEPEMILIKAN CITRA MENGGUNAKAN KOMBINASI METODE SHA DAN LEAST SIGNIFICANT BIT (LSB);Keamanan Komputer dan Informasi;2;1
1985;implementasi rule based system dalam pengelolaan keuangan pribadi berbasis android;Sistem Pendukung Keputusan;1;1
1986;pengajuan judul;sad;6;1
